DATE,SERIES,OPEN,HIGH,LOW,PREV. CLOSE,LTP,CLOSE,VWAP,52W H,52W L,VOLUME,VALUE,NO OF TRADES,SYMBOL
2025-02-20,EQ,135.27,138.36,135.0,135.76,138.0,138.04,137.22,184.6,122.62,24139808,3312552015.27,175522,TATASTEEL
2025-02-19,EQ,134.5,136.88,133.03,134.54,135.8,135.76,135.87,184.6,122.62,18447487,2506399510.52,142282,TATASTEEL
2025-02-18,EQ,134.29,134.9,131.75,134.29,134.16,134.54,133.31,184.6,122.62,23957576,3193739383.77,144444,TATASTEEL
2025-02-17,EQ,132.91,134.8,130.73,134.47,134.31,134.29,133.28,184.6,122.62,21189637,2824189592.79,194558,TATASTEEL
2025-02-14,EQ,136.25,139.25,133.33,136.25,134.02,134.47,135.51,184.6,122.62,41469242,5619570218.29,224745,TATASTEEL
2025-02-13,EQ,132.28,137.69,131.86,132.28,136.41,136.25,136.07,184.6,122.62,52036196,7080756827.59,240088,TATASTEEL
2025-02-12,EQ,129.35,133.29,128.31,130.11,132.25,132.28,130.91,184.6,122.62,37927696,4965112642.36,219471,TATASTEEL
2025-02-11,EQ,133.0,134.34,129.7,134.04,130.2,130.11,131.71,184.6,122.62,23635428,3113046800.7,189150,TATASTEEL
2025-02-10,EQ,138.1,138.1,133.0,138.31,133.91,134.04,134.12,184.6,122.62,26120805,3503387611.66,188430,TATASTEEL
2025-02-07,EQ,133.3,138.75,132.56,132.54,138.16,138.31,136.76,184.6,122.62,52950146,7241665875.06,278840,TATASTEEL
2025-02-06,EQ,134.5,134.87,132.02,134.4,132.65,132.54,132.72,184.6,122.62,22408168,2973956819.77,152707,TATASTEEL
2025-02-05,EQ,133.15,135.39,133.08,133.42,134.34,134.4,134.61,184.6,122.62,16958362,2282813794.56,150442,TATASTEEL
2025-02-04,EQ,132.8,134.34,131.87,131.82,133.1,133.42,133.08,184.6,122.62,25032519,3331380045.26,173008,TATASTEEL
2025-02-03,EQ,131.29,132.51,127.81,132.97,131.52,131.82,130.02,184.6,122.62,27765357,3610121727.84,217595,TATASTEEL
2025-02-01,EQ,135.0,135.5,130.25,134.62,133.0,132.97,133.26,184.6,122.62,21173846,2821702724.62,122582,TATASTEEL
2025-01-31,EQ,131.12,135.0,129.93,131.12,134.9,134.62,133.62,184.6,122.62,26689228,3566338275.87,170870,TATASTEEL
2025-01-30,EQ,130.8,132.15,130.1,130.8,131.8,131.12,131.3,184.6,122.62,25256096,3316053251.18,152907,TATASTEEL
2025-01-29,EQ,129.0,131.34,128.55,128.62,131.0,130.8,130.49,184.6,122.62,16674706,2175873479.85,151765,TATASTEEL
2025-01-28,EQ,126.37,130.49,124.74,126.37,128.95,128.62,128.42,184.6,122.62,40373804,5184826348.23,280931,TATASTEEL
2025-01-27,EQ,129.02,129.45,125.74,129.74,126.55,126.37,127.93,184.6,122.62,24650571,3153638220.92,192562,TATASTEEL
2025-01-24,EQ,130.5,133.2,129.31,130.37,130.5,129.74,131.01,184.6,122.62,37092106,4859603275.51,232578,TATASTEEL
2025-01-23,EQ,127.85,130.75,127.7,128.92,130.65,130.37,130.01,184.6,122.62,20722538,2694072514.27,149396,TATASTEEL
2025-01-22,EQ,130.25,130.35,127.12,129.7,128.85,128.92,128.45,184.6,122.62,27505569,3533007239.3,196312,TATASTEEL
2025-01-21,EQ,132.06,132.4,129.25,131.66,129.78,129.7,130.69,184.6,122.62,32238213,4213367366.39,216078,TATASTEEL
2025-01-20,EQ,130.99,132.1,128.91,130.28,131.47,131.66,130.59,184.6,122.62,20571916,2686464953.32,173350,TATASTEEL
2025-01-17,EQ,127.9,131.16,127.64,127.81,130.15,130.28,129.6,184.6,122.62,27421959,3553781052.65,208791,TATASTEEL
2025-01-16,EQ,128.0,128.47,126.56,126.53,127.7,127.81,127.54,184.6,122.62,22164393,2826849469.18,176428,TATASTEEL
2025-01-15,EQ,128.0,128.31,125.78,126.93,126.6,126.53,127.0,184.6,122.62,18773125,2384173457.53,196481,TATASTEEL
2025-01-14,EQ,122.94,127.64,122.94,122.93,127.22,126.93,126.13,184.6,122.62,36877365,4651465899.79,253782,TATASTEEL
2025-01-13,EQ,126.0,126.5,122.62,127.43,122.8,122.93,124.43,184.6,122.62,38968332,4848785035.5,330215,TATASTEEL
2025-01-10,EQ,129.93,130.39,126.7,129.93,127.78,127.43,128.02,184.6,126.7,34855510,4462316144.21,261109,TATASTEEL
2025-01-09,EQ,132.0,132.4,129.7,132.64,130.12,129.93,130.53,184.6,128.2,31903107,4164281728.67,252233,TATASTEEL
2025-01-08,EQ,133.93,134.24,131.77,133.38,132.55,132.64,132.65,184.6,128.2,31570331,4187651105.64,262476,TATASTEEL
2025-01-07,EQ,132.78,133.88,132.01,132.18,133.18,133.38,133.05,184.6,128.2,24239451,3224973077.16,193472,TATASTEEL
2025-01-06,EQ,138.36,138.39,131.35,138.36,132.0,132.18,133.44,184.6,128.2,44620509,5954073554.56,389702,TATASTEEL
2025-01-03,EQ,138.18,139.73,137.84,138.18,138.33,138.36,138.69,184.6,128.2,23351832,3238624775.28,174962,TATASTEEL
2025-01-02,EQ,137.0,138.45,136.4,136.74,138.0,138.18,137.44,184.6,128.2,23388424,3214429963.27,212832,TATASTEEL
2025-01-01,EQ,138.1,138.45,136.58,138.05,136.87,136.74,137.06,184.6,128.2,18169498,2490238878.67,167193,TATASTEEL
2024-12-31,EQ,136.87,138.68,136.56,136.88,138.1,138.05,137.63,184.6,128.2,20080291,2763636940.24,184867,TATASTEEL
2024-12-30,EQ,138.91,139.25,136.09,138.91,137.5,136.88,137.76,184.6,128.2,32555723,4484971555.03,208126,TATASTEEL
2024-12-27,EQ,140.7,141.75,138.61,140.36,138.97,138.91,139.95,184.6,128.2,19562177,2737725744.49,167507,TATASTEEL
2024-12-26,EQ,140.95,141.15,139.51,140.38,140.6,140.36,140.24,184.6,128.2,23939932,3357275738.9,176823,TATASTEEL
2024-12-24,EQ,141.2,141.5,139.25,141.71,140.9,140.38,140.29,184.6,128.2,25882917,3631184790.95,220844,TATASTEEL
2024-12-23,EQ,142.45,143.8,140.61,140.68,141.81,141.71,142.37,184.6,128.2,27514178,3917066565.54,180882,TATASTEEL
2024-12-20,EQ,142.89,144.4,140.0,143.26,140.45,140.68,142.23,184.6,127.85,46503449,6614264006.51,239716,TATASTEEL
2024-12-19,EQ,141.55,143.8,141.1,144.46,143.14,143.26,142.36,184.6,127.85,27104579,3858497950.48,176879,TATASTEEL
2024-12-18,EQ,146.0,146.9,143.3,145.68,144.54,144.46,144.65,184.6,127.85,19850229,2871362747.44,170033,TATASTEEL
2024-12-17,EQ,147.79,148.5,145.33,147.79,145.65,145.68,146.89,184.6,127.85,27110781,3982433031.75,178654,TATASTEEL
2024-12-16,EQ,148.94,149.8,147.1,148.95,147.8,147.79,148.03,184.6,127.85,22634773,3350662277.23,134545,TATASTEEL
2024-12-13,EQ,150.0,150.05,145.55,150.78,148.8,148.95,147.45,184.6,127.85,39701388,5853797485.13,244523,TATASTEEL
2024-12-12,EQ,150.87,151.63,148.7,150.6,150.4,150.78,150.22,184.6,127.85,25761723,3870004937.04,210043,TATASTEEL
2024-12-11,EQ,150.59,152.11,150.06,150.32,150.65,150.6,151.24,184.6,127.85,20499709,3100314497.16,154183,TATASTEEL
2024-12-10,EQ,150.19,152.5,149.31,149.88,150.38,150.32,150.93,184.6,127.85,36278104,5475408272.35,198144,TATASTEEL
2024-12-09,EQ,148.29,150.67,146.63,148.29,149.7,149.88,148.72,184.6,127.85,39059139,5809031759.51,213740,TATASTEEL
2024-12-06,EQ,147.5,148.68,146.6,147.07,148.1,148.29,147.54,184.6,127.85,30604899,4515576192.18,152986,TATASTEEL
2024-12-05,EQ,146.5,147.88,144.8,145.85,147.11,147.07,146.48,184.6,127.85,36328245,5321183497.69,320660,TATASTEEL
2024-12-04,EQ,147.0,147.05,144.0,146.54,145.89,145.85,145.43,184.6,127.85,38537808,5604463660.25,293458,TATASTEEL
2024-12-03,EQ,146.75,148.2,146.34,146.41,146.6,146.54,146.87,184.6,127.85,35527228,5218028534.67,256795,TATASTEEL
2024-12-02,EQ,144.11,146.83,143.14,144.54,146.36,146.41,145.29,184.6,127.85,23840351,3463651919.14,178524,TATASTEEL
2024-11-29,EQ,143.9,145.49,143.05,143.39,144.45,144.54,144.47,184.6,126.0,29742979,4297099540.79,180493,TATASTEEL
2024-11-28,EQ,144.0,145.25,143.09,144.53,143.63,143.39,144.13,184.6,126.0,30947861,4460528750.48,267599,TATASTEEL
2024-11-27,EQ,144.31,144.9,142.9,144.47,144.64,144.53,143.94,184.6,126.0,24895631,3583450837.82,171733,TATASTEEL
2024-11-26,EQ,144.22,145.8,143.58,143.67,144.42,144.47,144.86,184.6,126.0,25608469,3709654966.85,140188,TATASTEEL
2024-11-25,EQ,144.94,146.15,142.84,142.78,143.87,143.67,144.36,184.6,126.0,53883890,7778849397.59,194245,TATASTEEL
2024-11-22,EQ,140.15,143.19,139.65,140.22,142.55,142.78,141.57,184.6,124.05,43710169,6188014583.09,218947,TATASTEEL
2024-11-21,EQ,139.5,141.6,137.25,139.46,140.0,140.22,139.78,184.6,124.05,58398744,8162840711.77,307883,TATASTEEL
2024-11-19,EQ,142.0,142.49,139.06,141.21,139.58,139.46,140.88,184.6,124.05,37611903,5298700773.9,210103,TATASTEEL
2024-11-18,EQ,139.49,143.25,138.0,137.98,141.2,141.21,140.81,184.6,124.05,40233848,5665274322.36,269998,TATASTEEL
2024-11-14,EQ,139.71,140.73,137.5,139.17,138.1,137.98,138.75,184.6,119.9,36345184,5042969174.22,292008,TATASTEEL
2024-11-13,EQ,143.6,143.6,138.6,144.17,139.69,139.17,140.03,184.6,119.9,57609083,8066778657.17,428370,TATASTEEL
2024-11-12,EQ,145.65,147.13,143.6,145.01,143.9,144.17,145.51,184.6,119.9,28861672,4199799655.07,246899,TATASTEEL
2024-11-11,EQ,147.57,147.69,144.1,147.57,145.3,145.01,145.58,184.6,119.9,47497863,6914506463.5,315622,TATASTEEL
2024-11-08,EQ,152.0,152.0,146.94,150.95,147.3,147.57,149.2,184.6,117.5,61980989,9247404903.34,288855,TATASTEEL
2024-11-07,EQ,156.11,156.92,150.2,153.62,151.15,150.95,153.48,184.6,117.5,88254789,13545412839.66,373011,TATASTEEL
2024-11-06,EQ,154.0,154.95,149.59,152.29,153.81,153.62,151.73,184.6,117.5,48928986,7423963642.1,261381,TATASTEEL
2024-11-05,EQ,147.0,152.55,146.95,146.95,152.45,152.29,150.69,184.6,117.5,42772283,6445142415.2,244601,TATASTEEL
2024-11-04,EQ,150.0,150.0,145.1,149.75,147.1,146.95,146.86,184.6,117.5,25571021,3755435352.87,287395,TATASTEEL
2024-11-01,EQ,149.66,150.25,149.0,148.56,149.7,149.75,149.85,184.6,114.6,5106804,765248053.69,90862,TATASTEEL
2024-10-31,EQ,149.08,149.95,148.2,148.97,148.33,148.56,148.87,184.6,114.6,26383702,3927661607.97,192116,TATASTEEL
2024-10-30,EQ,148.1,150.95,148.1,150.06,148.85,148.97,149.65,184.6,114.6,21362130,3196926857.03,179907,TATASTEEL
2024-10-29,EQ,149.85,150.45,146.55,149.38,150.1,150.06,148.24,184.6,114.6,32258407,4782062026.21,278118,TATASTEEL
2024-10-28,EQ,146.0,149.73,144.73,145.86,149.5,149.38,148.11,184.6,114.6,28386897,4204485399.5,202518,TATASTEEL
2024-10-25,EQ,149.0,149.5,144.43,148.98,146.25,145.86,145.89,184.6,114.6,39730802,5796263940.69,302722,TATASTEEL
2024-10-24,EQ,149.49,149.83,148.01,148.78,149.06,148.98,148.92,184.6,114.6,22115070,3293453859.18,209076,TATASTEEL
2024-10-23,EQ,150.3,151.95,148.05,150.39,148.69,148.78,149.84,184.6,114.6,42107893,6309547439.99,245073,TATASTEEL
2024-10-22,EQ,154.9,154.9,150.1,155.03,150.9,150.39,151.88,184.6,114.6,39079846,5935426865.61,228867,TATASTEEL
2024-10-21,EQ,156.1,157.93,154.59,155.39,155.0,155.03,155.43,184.6,114.6,25799090,4010016405.81,196995,TATASTEEL
2024-10-18,EQ,152.4,156.2,151.1,152.4,155.5,155.39,154.3,184.6,114.6,34750795,5362210491.59,212619,TATASTEEL
2024-10-17,EQ,155.65,156.3,152.1,155.24,152.5,152.4,153.63,184.6,114.6,28404223,4363740733.71,187556,TATASTEEL
2024-10-16,EQ,155.19,156.55,154.02,155.63,155.1,155.24,155.35,184.6,114.6,28518262,4430322683.94,214491,TATASTEEL
2024-10-15,EQ,159.5,159.53,155.05,158.32,155.66,155.63,156.14,184.6,114.6,38964393,6083846366.99,261649,TATASTEEL
2024-10-14,EQ,161.88,163.38,158.04,160.66,158.29,158.32,159.69,184.6,114.6,35566857,5679804268.1,236374,TATASTEEL
2024-10-11,EQ,159.3,163.78,159.2,159.72,160.85,160.66,161.54,184.6,114.6,53263433,8604175534.7,231565,TATASTEEL
2024-10-10,EQ,158.3,161.18,156.6,159.06,159.99,159.72,159.82,184.6,114.6,46507936,7433063758.17,285169,TATASTEEL
2024-10-09,EQ,159.52,162.2,158.11,159.52,158.3,159.06,160.33,184.6,114.6,42766218,6856906324.55,247518,TATASTEEL
2024-10-08,EQ,163.0,163.59,156.7,164.36,159.89,159.52,159.07,184.6,114.6,74956764,11923016296.84,492897,TATASTEEL
2024-10-07,EQ,167.1,167.95,162.33,166.75,164.08,164.36,164.93,184.6,114.6,48775098,8044365273.28,374772,TATASTEEL
2024-10-04,EQ,167.0,169.1,164.0,166.98,166.92,166.75,166.97,184.6,114.6,53880875,8996465098.83,325032,TATASTEEL
2024-10-03,EQ,165.5,169.99,164.52,167.03,166.99,166.98,167.92,184.6,114.6,75959797,12754992195.57,475585,TATASTEEL
2024-10-01,EQ,169.49,169.49,165.1,168.55,166.7,167.03,167.13,184.6,114.6,50761579,8483829166.82,285911,TATASTEEL
2024-09-30,EQ,167.5,170.18,167.26,166.55,168.11,168.55,169.02,184.6,114.6,92381529,15614600724.62,440055,TATASTEEL
2024-09-27,EQ,167.0,169.01,165.89,165.61,166.13,166.55,167.16,184.6,114.6,72795668,12168793625.37,390367,TATASTEEL
2024-09-26,EQ,162.0,165.9,160.48,161.66,165.41,165.61,164.02,184.6,114.6,88661662,14542131498.26,402853,TATASTEEL
2024-09-25,EQ,161.5,162.69,159.52,160.53,161.53,161.66,161.19,184.6,114.6,58044967,9356242523.27,345741,TATASTEEL
2024-09-24,EQ,155.15,161.5,154.85,153.99,160.65,160.53,159.11,184.6,114.6,137414352,21864032282.12,560847,TATASTEEL
2024-09-23,EQ,154.38,154.39,152.8,152.02,153.85,153.99,153.57,184.6,114.6,33281905,5111194267.46,232550,TATASTEEL
2024-09-20,EQ,151.0,153.34,150.65,149.54,152.1,152.02,152.14,184.6,114.6,53873369,8196175102.12,275747,TATASTEEL
2024-09-19,EQ,151.89,152.19,147.79,150.6,150.08,149.54,149.59,184.6,114.6,36913781,5521818580.4,276513,TATASTEEL
2024-09-18,EQ,152.4,152.98,149.61,152.82,150.55,150.6,151.06,184.6,114.6,24856345,3754898081.08,193657,TATASTEEL
2024-09-17,EQ,154.0,154.24,152.27,154.21,152.7,152.82,153.06,184.6,114.6,18275113,2797251834.59,170530,TATASTEEL
2024-09-16,EQ,155.0,155.66,153.5,153.49,154.15,154.21,154.43,184.6,114.6,32575460,5030530504.26,220809,TATASTEEL
2024-09-13,EQ,152.78,155.4,152.5,151.74,153.4,153.49,153.99,184.6,114.6,54894255,8452936106.91,307875,TATASTEEL
2024-09-12,EQ,152.0,152.44,148.75,148.17,151.8,151.74,150.69,184.6,114.6,73191476,11029500349.23,394657,TATASTEEL
2024-09-11,EQ,149.9,150.2,147.62,149.42,148.38,148.17,148.9,184.6,114.6,24633287,3667899119.21,214629,TATASTEEL
2024-09-10,EQ,150.5,151.59,148.81,149.47,149.59,149.42,149.93,184.6,114.6,41607844,6238134738.95,303910,TATASTEEL
2024-09-09,EQ,150.9,150.9,148.05,151.22,149.5,149.47,149.39,184.6,114.6,32624586,4873687014.29,374794,TATASTEEL
2024-09-06,EQ,151.94,152.9,149.65,151.72,151.25,151.22,151.12,184.6,114.6,30709532,4640728389.77,244219,TATASTEEL
2024-09-05,EQ,151.0,152.79,151.0,151.18,152.03,151.72,151.9,184.6,114.6,28347324,4306027852.48,204493,TATASTEEL
2024-09-04,EQ,149.5,152.18,149.16,152.15,150.95,151.18,150.88,184.6,114.6,39613696,5976722246.84,271132,TATASTEEL
2024-09-03,EQ,152.84,153.45,152.01,152.88,152.28,152.15,152.42,184.6,114.6,19780066,3014827041.84,217103,TATASTEEL
2024-09-02,EQ,153.9,153.9,152.14,152.76,152.7,152.88,152.93,184.6,114.6,19200143,2936209047.13,202414,TATASTEEL
2024-08-30,EQ,153.0,155.25,152.47,152.97,153.3,152.76,153.54,184.6,114.6,55134023,8465202363.9,238118,TATASTEEL
2024-08-29,EQ,153.21,153.56,151.2,153.7,153.15,152.97,152.64,184.6,114.6,44452983,6785477200.23,263576,TATASTEEL
2024-08-28,EQ,154.7,155.0,153.05,154.7,153.65,153.7,153.88,184.6,114.6,25195197,3876960988.41,200539,TATASTEEL
2024-08-27,EQ,155.8,156.5,154.6,155.7,154.75,154.7,155.27,184.6,114.6,24523684,3807846590.08,186818,TATASTEEL
2024-08-26,EQ,154.61,156.4,153.7,154.2,155.9,155.7,155.03,184.6,114.6,32497603,5038136287.29,223228,TATASTEEL
2024-08-23,EQ,154.0,154.39,152.55,154.14,154.3,154.2,153.73,184.6,114.6,31490857,4841154185.73,203065,TATASTEEL
2024-08-22,EQ,152.51,154.35,152.51,151.92,154.0,154.14,153.67,184.6,114.6,36719176,5642770858.27,247398,TATASTEEL
2024-08-21,EQ,153.0,154.18,151.77,153.93,152.0,151.92,152.43,184.6,114.6,49749381,7583311060.6,279210,TATASTEEL
2024-08-20,EQ,155.7,155.7,152.8,153.96,153.85,153.93,153.47,184.6,114.6,37559016,5764044551.48,251608,TATASTEEL
2024-08-19,EQ,150.85,154.3,150.39,149.52,154.09,153.96,152.26,184.6,114.6,62889770,9575347355.95,456383,TATASTEEL
2024-08-16,EQ,148.0,150.0,146.46,146.17,149.5,149.52,147.79,184.6,114.6,54131721,8000249513.64,359932,TATASTEEL
2024-08-14,EQ,149.9,149.9,142.35,148.88,146.5,146.17,145.48,184.6,114.6,97911180,14243851337.9,569116,TATASTEEL
2024-08-13,EQ,152.1,152.95,148.5,152.06,148.9,148.88,150.42,184.6,114.6,29396493,4421844562.26,300330,TATASTEEL
2024-08-12,EQ,151.0,153.4,149.88,151.81,152.14,152.06,152.12,184.6,114.6,30550334,4647383059.79,238401,TATASTEEL
2024-08-09,EQ,153.0,153.0,151.25,150.28,151.7,151.81,152.06,184.6,114.6,23290101,3541492860.0,259551,TATASTEEL
2024-08-08,EQ,153.4,153.44,150.0,153.86,150.6,150.28,151.32,184.6,114.6,51858615,7847312494.99,371279,TATASTEEL
2024-08-07,EQ,153.7,154.3,151.9,150.32,154.15,153.86,153.05,184.6,114.6,32029697,4902170111.94,309953,TATASTEEL
2024-08-06,EQ,151.21,153.8,149.61,149.82,151.17,150.32,151.52,184.6,114.6,53507102,8107188228.99,589379,TATASTEEL
2024-08-05,EQ,153.66,154.0,149.0,158.22,149.34,149.82,151.19,184.6,114.6,102883971,15554900022.6,917741,TATASTEEL
2024-08-02,EQ,161.0,161.19,154.72,163.06,158.39,158.22,158.29,184.6,114.6,72427529,11464627804.85,669777,TATASTEEL
2024-08-01,EQ,168.2,168.95,160.9,165.33,163.07,163.06,164.04,184.6,114.6,118341338,19412642515.8,512835,TATASTEEL
2024-07-31,EQ,166.29,166.5,163.55,164.07,165.44,165.33,164.78,184.6,114.6,52769925,8695459962.33,277640,TATASTEEL
2024-07-30,EQ,162.9,165.3,161.31,162.87,164.55,164.07,163.43,184.6,114.6,42824600,6998937220.51,309634,TATASTEEL
2024-07-29,EQ,164.7,164.7,162.33,162.55,162.9,162.87,163.32,184.6,114.6,31754833,5186346203.02,253901,TATASTEEL
2024-07-26,EQ,158.75,162.95,158.21,157.39,162.62,162.55,161.88,184.6,114.35,45642032,7388688304.32,292607,TATASTEEL
2024-07-25,EQ,158.5,158.5,156.9,160.31,157.5,157.39,157.5,184.6,114.35,45155876,7112129022.84,340737,TATASTEEL
2024-07-24,EQ,160.02,162.02,159.19,160.02,160.2,160.31,160.83,184.6,114.35,28086566,4517254761.79,224594,TATASTEEL
2024-07-23,EQ,161.6,161.97,155.0,160.32,160.19,160.02,159.14,184.6,114.35,37077411,5900678615.09,369290,TATASTEEL
2024-07-22,EQ,158.4,160.7,156.41,157.77,160.69,160.32,159.58,184.6,114.35,40353690,6439780658.54,388728,TATASTEEL
2024-07-19,EQ,166.0,166.09,157.2,166.36,158.1,157.77,159.86,184.6,114.35,77987514,12467382132.43,697738,TATASTEEL
2024-07-18,EQ,167.61,167.61,164.44,167.07,166.45,166.36,165.6,184.6,114.35,36568852,6055894401.51,344341,TATASTEEL
2024-07-16,EQ,167.8,169.82,166.7,166.76,167.25,167.07,168.15,184.6,114.35,26506026,4457105771.25,228148,TATASTEEL
2024-07-15,EQ,168.69,168.99,165.8,168.69,167.1,166.76,167.02,184.6,114.35,32635187,5450597682.05,325344,TATASTEEL
2024-07-12,EQ,170.2,170.39,168.01,168.92,168.1,168.69,168.98,184.6,111.65,33311402,5628797434.72,209844,TATASTEEL
2024-07-11,EQ,170.0,170.95,168.67,167.98,169.45,168.92,169.53,184.6,111.65,33987236,5761712816.45,328338,TATASTEEL
2024-07-10,EQ,172.5,172.89,167.02,171.8,168.2,167.98,168.76,184.6,111.65,41525591,7007841961.34,356940,TATASTEEL
2024-07-09,EQ,173.6,173.7,171.51,172.28,171.94,171.8,172.31,184.6,111.65,25127904,4329905477.88,360530,TATASTEEL
2024-07-08,EQ,174.6,175.47,172.09,174.71,172.49,172.28,173.35,184.6,111.65,31479861,5457079671.28,256103,TATASTEEL
2024-07-05,EQ,176.2,176.2,173.4,176.29,175.0,174.71,174.65,184.6,111.25,38123217,6658321110.79,262997,TATASTEEL
2024-07-04,EQ,177.0,178.19,175.82,176.37,176.5,176.29,176.85,184.6,111.25,29504744,5217839029.17,378450,TATASTEEL
2024-07-03,EQ,174.54,176.88,174.4,174.54,176.38,176.37,175.56,184.6,111.25,29090492,5107040274.06,339843,TATASTEEL
2024-07-02,EQ,174.47,175.75,173.6,174.07,174.61,174.54,174.54,184.6,111.25,33359495,5822581444.09,390213,TATASTEEL
2024-07-01,EQ,174.5,175.99,173.51,174.01,174.25,174.07,174.62,184.6,111.25,27807688,4855862130.02,260872,TATASTEEL
2024-06-28,EQ,174.17,177.1,173.57,174.16,174.75,174.01,175.29,184.6,108.1,37521949,6577242858.11,275273,TATASTEEL
2024-06-27,EQ,172.56,174.95,171.8,172.56,174.35,174.16,173.41,184.6,108.1,49767976,8630291052.14,349831,TATASTEEL
2024-06-26,EQ,175.68,176.0,171.84,175.68,172.8,172.56,172.87,184.6,108.1,44006436,7607181995.48,346807,TATASTEEL
2024-06-25,EQ,177.99,179.0,175.25,177.96,175.86,175.68,176.61,184.6,108.1,30599989,5404151626.85,325368,TATASTEEL
2024-06-24,EQ,177.44,178.95,175.1,179.94,177.8,177.96,177.26,184.6,108.1,47597307,8437045247.9,314462,TATASTEEL
2024-06-21,EQ,179.4,180.9,178.18,182.28,179.94,179.94,179.76,184.6,108.1,65494855,11773631523.51,284687,TATASTEEL
2024-06-20,EQ,181.6,182.95,179.37,180.02,182.75,182.28,181.91,184.6,108.1,38837494,7064844872.79,278129,TATASTEEL
2024-06-19,EQ,182.45,182.49,179.31,181.12,180.07,180.02,180.63,184.6,108.1,27476795,4963157445.21,197494,TATASTEEL
2024-06-18,EQ,183.8,184.6,180.6,183.15,181.25,181.12,182.12,184.6,108.1,35032118,6379881671.57,295636,TATASTEEL
2024-06-14,EQ,182.95,183.5,181.4,182.56,182.9,183.15,182.61,184.1,108.1,28509237,5205931798.41,232292,TATASTEEL
2024-06-13,EQ,183.4,184.1,180.51,182.23,182.5,182.56,182.23,184.1,108.1,36669164,6682115954.32,332013,TATASTEEL
2024-06-12,EQ,182.25,183.87,181.5,181.33,182.47,182.23,182.95,183.87,108.1,33304643,6093095872.19,254524,TATASTEEL
2024-06-11,EQ,180.5,183.75,180.5,180.29,181.6,181.33,182.06,183.75,108.1,55555544,10114635970.89,324246,TATASTEEL
2024-06-10,EQ,180.21,182.1,177.36,178.9,180.45,180.29,180.4,182.1,108.1,74286848,13401077404.61,320294,TATASTEEL
2024-06-07,EQ,172.0,179.65,170.8,172.05,178.85,178.9,177.14,179.65,107.8,84319867,14936104189.4,488851,TATASTEEL
2024-06-06,EQ,170.0,174.7,169.4,169.2,172.15,172.05,172.34,177.7,107.8,57920819,9981849630.15,502032,TATASTEEL
2024-06-05,EQ,162.15,169.6,159.0,158.95,169.0,169.2,164.36,177.7,107.8,60098501,9878009016.65,438996,TATASTEEL
2024-06-04,EQ,174.5,174.65,148.15,174.25,160.0,158.95,160.74,177.7,107.8,125042158,20098994147.15,784621,TATASTEEL
2024-06-03,EQ,173.25,175.0,168.85,167.2,174.35,174.25,172.44,177.7,107.8,86397540,14898311518.85,410714,TATASTEEL
2024-05-31,EQ,166.05,167.95,164.0,164.15,167.45,167.2,166.27,177.7,105.6,83713848,13919326623.35,359449,TATASTEEL
2024-05-30,EQ,172.0,172.0,163.35,174.25,165.2,164.15,166.88,177.7,105.6,108813875,18158403070.95,573678,TATASTEEL
2024-05-29,EQ,174.75,176.0,173.5,174.9,174.0,174.25,174.52,177.7,105.6,36575550,6383286199.7,182235,TATASTEEL
2024-05-28,EQ,175.9,177.5,173.45,175.5,175.1,174.9,175.61,177.7,105.6,39208456,6885522861.0,208812,TATASTEEL
2024-05-27,EQ,177.7,177.7,174.85,174.85,175.7,175.5,176.22,177.7,105.6,30410585,5358926345.45,201390,TATASTEEL
2024-05-24,EQ,174.95,177.55,174.15,175.5,174.9,174.85,176.15,177.55,104.3,38674485,6812356745.8,227760,TATASTEEL
2024-05-23,EQ,173.05,175.8,170.5,173.3,175.15,175.5,173.37,175.8,104.3,49377680,8560407772.75,259776,TATASTEEL
2024-05-22,EQ,175.45,175.5,171.5,174.35,173.05,173.3,173.1,175.5,104.3,42919832,7429555143.25,298848,TATASTEEL
2024-05-21,EQ,168.5,175.2,167.95,167.9,174.0,174.35,172.79,175.2,104.3,84833644,14658480689.45,450461,TATASTEEL
2024-05-18,EQ,168.0,168.3,167.3,167.35,167.8,167.9,167.97,170.75,104.05,3601856,604992471.0,41951,TATASTEEL
2024-05-17,EQ,166.6,168.45,165.45,165.9,167.2,167.35,167.21,170.75,104.05,39181277,6551640449.55,207093,TATASTEEL
2024-05-16,EQ,167.25,168.0,162.3,165.6,165.85,165.9,165.1,170.75,104.05,41126570,6789914756.65,245941,TATASTEEL
2024-05-15,EQ,164.95,167.55,164.95,164.95,165.85,165.6,166.13,170.75,104.05,29601304,4917756615.05,174079,TATASTEEL
2024-05-14,EQ,164.1,166.55,163.5,163.85,164.85,164.95,165.16,170.75,104.05,46261468,7640742993.35,183357,TATASTEEL
2024-05-13,EQ,162.45,164.5,158.05,162.25,164.0,163.85,161.69,170.75,104.05,36561003,5911680494.35,226641,TATASTEEL
2024-05-10,EQ,163.2,164.35,161.85,161.9,162.4,162.25,162.98,170.75,104.05,31472419,5129334327.7,197325,TATASTEEL
2024-05-09,EQ,165.95,166.7,161.5,166.05,162.0,161.9,164.05,170.75,104.05,30223088,4958123948.3,253157,TATASTEEL
2024-05-08,EQ,164.2,167.1,163.5,164.25,166.4,166.05,165.88,170.75,104.05,30128705,4997867651.85,215473,TATASTEEL
2024-05-07,EQ,167.95,167.95,162.3,167.6,164.2,164.25,164.76,170.75,104.05,43611824,7185654180.0,246880,TATASTEEL
2024-05-06,EQ,167.95,168.65,164.7,166.5,167.5,167.6,167.17,170.75,104.05,37621296,6289201845.55,241194,TATASTEEL
2024-05-03,EQ,168.95,170.75,165.15,167.35,166.5,166.5,168.13,170.75,104.05,62573586,10520400677.3,311958,TATASTEEL
2024-05-02,EQ,165.0,168.9,165.0,165.0,167.6,167.35,167.53,170.7,104.05,69320283,11613435326.65,325535,TATASTEEL
2024-04-30,EQ,168.4,168.4,164.5,167.4,164.75,165.0,165.94,170.7,104.05,55043389,9133838759.1,246416,TATASTEEL
2024-04-29,EQ,168.2,169.6,166.9,165.8,167.4,167.4,167.97,170.7,104.05,44906151,7542947752.55,233688,TATASTEEL
2024-04-26,EQ,168.0,170.7,165.25,167.7,166.2,165.8,167.69,170.7,104.05,65355111,10959587744.55,335513,TATASTEEL
2024-04-25,EQ,165.4,168.0,164.15,165.55,167.0,167.7,166.15,169.8,104.05,50128523,8328769807.6,251319,TATASTEEL
2024-04-24,EQ,162.45,166.9,161.45,161.15,165.7,165.55,164.89,169.8,104.05,59894921,9875869663.5,285424,TATASTEEL
2024-04-23,EQ,163.5,163.5,160.8,161.85,161.1,161.15,161.98,169.8,104.05,30295177,4907204050.1,193536,TATASTEEL
2024-04-22,EQ,163.8,164.7,161.5,162.1,162.1,161.85,162.68,169.8,104.05,39304790,6394260034.35,218374,TATASTEEL
2024-04-19,EQ,160.0,162.5,157.3,160.05,161.9,162.1,160.47,169.8,104.05,60078229,9640777692.75,335708,TATASTEEL
2024-04-18,EQ,160.9,164.0,159.15,160.05,161.2,160.05,161.96,169.8,104.05,68093672,11028307685.7,342037,TATASTEEL
2024-04-16,EQ,160.85,162.45,159.0,160.85,160.3,160.05,160.8,169.8,104.05,41391261,6655779993.65,246139,TATASTEEL
2024-04-15,EQ,161.8,164.7,158.6,163.5,161.15,160.85,161.55,169.8,104.05,66426404,10731469727.25,393289,TATASTEEL
2024-04-12,EQ,166.0,166.0,163.0,165.05,163.5,163.5,164.33,169.8,104.05,55317636,9090422774.55,311078,TATASTEEL
2024-04-10,EQ,167.3,169.2,164.5,166.0,165.1,165.05,166.69,169.8,104.05,64134758,10690358754.0,352243,TATASTEEL
2024-04-09,EQ,166.0,169.8,165.2,165.2,166.05,166.0,167.56,169.8,104.05,63884687,10704298236.3,306316,TATASTEEL
2024-04-08,EQ,166.95,166.95,164.2,163.35,164.9,165.2,165.36,166.95,104.05,48255703,7979491102.0,262899,TATASTEEL
2024-04-05,EQ,163.9,164.15,160.8,163.4,163.3,163.35,162.44,166.25,103.2,44668121,7256080475.65,259852,TATASTEEL
2024-04-04,EQ,165.55,165.95,161.0,163.65,163.95,163.4,163.29,166.25,103.2,61094750,9976016855.6,346150,TATASTEEL
2024-04-03,EQ,164.65,166.25,163.1,164.65,163.6,163.65,164.75,166.25,103.2,50938559,8391959653.7,358923,TATASTEEL
2024-04-02,EQ,162.95,165.5,161.8,163.15,164.6,164.65,163.87,165.5,103.2,69533405,11394381243.0,335307,TATASTEEL
2024-04-01,EQ,156.8,163.9,156.5,155.85,162.8,163.15,161.41,163.9,103.2,84583929,13652541333.45,397933,TATASTEEL
2024-03-28,EQ,152.7,157.0,152.7,152.7,156.2,155.85,155.17,159.15,101.65,62575327,9710120664.75,329742,TATASTEEL
2024-03-27,EQ,152.45,154.1,152.0,152.4,152.6,152.7,153.04,159.15,101.65,35328794,5406735730.8,199762,TATASTEEL
2024-03-26,EQ,151.15,153.4,150.5,151.8,152.25,152.4,152.04,159.15,101.65,52965508,8052925286.5,293448,TATASTEEL
2024-03-22,EQ,149.0,152.75,148.35,150.1,151.45,151.8,151.31,159.15,101.55,68241556,10325386812.25,311476,TATASTEEL
2024-03-21,EQ,148.0,151.2,147.8,145.65,150.2,150.1,150.09,159.15,101.55,84225737,12641413031.4,439293,TATASTEEL
2024-03-20,EQ,149.6,150.65,143.85,148.75,145.4,145.65,146.24,159.15,101.55,77550319,11341230039.55,343720,TATASTEEL
2024-03-19,EQ,149.0,152.45,147.6,149.7,148.7,148.75,149.67,159.15,101.55,105004268,15716192714.6,517768,TATASTEEL
2024-03-18,EQ,142.55,150.25,142.2,141.7,148.8,149.7,147.47,159.15,101.55,166913078,24613925688.7,575951,TATASTEEL
2024-03-15,EQ,142.9,143.7,139.85,142.45,141.8,141.7,141.75,159.15,101.55,68482621,9707707220.45,340024,TATASTEEL
2024-03-14,EQ,143.6,143.95,138.35,143.65,142.7,142.45,141.39,159.15,101.55,91956952,13001414682.75,473239,TATASTEEL
2024-03-13,EQ,152.8,152.9,142.5,152.5,143.35,143.65,146.32,159.15,101.55,70937597,10379400488.5,386517,TATASTEEL
2024-03-12,EQ,154.2,154.55,150.9,153.45,152.3,152.5,152.46,159.15,101.55,34947937,5328122657.4,251671,TATASTEEL
2024-03-11,EQ,158.9,158.9,153.0,157.25,153.75,153.45,154.27,159.15,101.55,54155385,8354583831.05,350516,TATASTEEL
2024-03-07,EQ,152.4,159.15,152.25,151.6,157.05,157.25,156.5,159.15,101.55,124847699,19539009874.65,569247,TATASTEEL
2024-03-06,EQ,151.8,152.65,147.9,151.85,151.75,151.6,149.88,156.2,101.55,51782444,7761123617.7,248968,TATASTEEL
2024-03-05,EQ,153.2,154.0,150.75,153.1,152.0,151.85,152.4,156.2,101.55,37165490,5664192406.9,255164,TATASTEEL
2024-03-04,EQ,154.9,154.9,151.05,155.25,153.0,153.1,153.02,156.2,101.55,67577785,10340752738.5,453939,TATASTEEL
2024-03-02,EQ,152.0,156.2,151.0,149.95,155.35,155.25,154.02,156.2,101.55,21643047,3333479361.5,139508,TATASTEEL
2024-03-01,EQ,143.0,150.65,143.0,140.85,150.55,149.95,147.83,150.65,101.55,123709943,18288283973.95,452172,TATASTEEL
2024-02-29,EQ,140.8,141.85,139.4,140.75,141.6,140.85,140.78,147.4,101.55,32248156,4540048126.75,184138,TATASTEEL
2024-02-28,EQ,144.05,144.95,140.05,144.2,140.7,140.75,142.2,147.4,101.55,20721926,2946618968.4,194968,TATASTEEL
2024-02-27,EQ,142.65,144.5,142.0,142.65,144.2,144.2,143.45,147.4,101.55,24119469,3459828038.65,181981,TATASTEEL
2024-02-26,EQ,145.85,145.95,142.25,145.45,142.6,142.65,143.68,147.4,101.55,22570277,3242862425.45,181967,TATASTEEL
2024-02-23,EQ,146.4,147.1,145.0,145.9,145.4,145.45,146.22,147.4,101.55,28414697,4154798679.2,206077,TATASTEEL
2024-02-22,EQ,145.0,146.15,143.5,143.9,145.95,145.9,145.05,147.4,101.55,46728176,6778128561.45,301165,TATASTEEL
2024-02-21,EQ,141.55,146.2,141.45,141.05,144.0,143.9,144.64,147.4,101.55,88000833,12728088397.95,402755,TATASTEEL
2024-02-20,EQ,141.95,142.25,140.05,141.95,141.15,141.05,140.86,147.4,101.55,24291123,3421558010.6,169579,TATASTEEL
2024-02-19,EQ,142.95,143.35,141.35,142.3,141.8,141.95,142.28,147.4,101.55,16973568,2414947922.85,148665,TATASTEEL
2024-02-16,EQ,142.05,143.45,141.5,141.2,142.25,142.3,142.68,147.4,101.55,22316127,3184104399.85,159823,TATASTEEL
2024-02-15,EQ,141.5,143.45,141.0,141.2,141.1,141.2,142.05,147.4,101.55,31587387,4487016479.1,201451,TATASTEEL
2024-02-14,EQ,137.0,141.5,135.75,137.85,141.45,141.2,138.83,147.4,101.55,29141690,4045831003.05,202721,TATASTEEL
2024-02-13,EQ,137.75,138.25,134.1,137.4,137.8,137.85,136.95,147.4,101.55,39155909,5362327557.6,205902,TATASTEEL
2024-02-12,EQ,142.0,142.95,136.65,141.3,137.5,137.4,139.16,147.4,101.55,36477544,5076268769.2,219005,TATASTEEL
2024-02-09,EQ,144.2,144.45,139.15,143.65,141.3,141.3,141.21,147.4,101.55,35961925,5078064740.8,237401,TATASTEEL
2024-02-08,EQ,145.3,145.65,143.05,144.4,143.8,143.65,144.24,147.4,101.55,38997666,5624977247.2,256373,TATASTEEL
2024-02-07,EQ,146.85,147.4,144.05,144.65,144.4,144.4,145.61,147.4,101.55,61517064,8957448815.35,292894,TATASTEEL
2024-02-06,EQ,143.0,145.1,140.45,141.55,144.6,144.65,143.03,145.1,101.55,53192936,7608022638.7,256507,TATASTEEL
2024-02-05,EQ,140.0,143.35,139.35,138.7,141.6,141.55,141.5,143.35,101.55,80737626,11424281407.05,375154,TATASTEEL
2024-02-02,EQ,135.3,139.6,134.8,134.8,138.6,138.7,137.64,141.25,101.55,69296192,9538094505.8,353725,TATASTEEL
2024-02-01,EQ,136.4,136.75,134.5,135.95,134.9,134.8,135.69,141.25,101.55,31701793,4301505287.6,214127,TATASTEEL
2024-01-31,EQ,135.0,136.7,134.5,134.7,135.95,135.95,135.84,141.25,101.55,36079354,4900953896.15,217115,TATASTEEL
2024-01-30,EQ,135.6,137.7,134.5,135.0,134.75,134.7,136.17,141.25,101.55,35704185,4861961220.2,245199,TATASTEEL
2024-01-29,EQ,134.7,135.4,133.5,133.75,135.05,135.0,134.67,141.25,101.55,29745400,4005683022.65,187551,TATASTEEL
2024-01-25,EQ,136.5,136.5,132.0,135.15,134.15,133.75,134.19,141.25,101.55,61358839,8233755323.5,306685,TATASTEEL
2024-01-24,EQ,130.2,135.55,130.1,130.1,134.9,135.15,133.35,141.25,101.55,39340119,5245853350.9,216385,TATASTEEL
2024-01-23,EQ,134.8,135.2,129.3,133.95,130.05,130.1,132.31,141.25,101.55,35373970,4680431862.5,217517,TATASTEEL
2024-01-20,EQ,134.25,135.2,133.3,134.25,133.9,133.95,134.26,141.25,101.55,16578179,2225719129.05,122378,TATASTEEL
2024-01-19,EQ,132.6,134.7,131.6,131.0,134.1,134.25,133.63,141.25,101.55,32653013,4363534601.95,187679,TATASTEEL
2024-01-18,EQ,131.65,132.25,128.2,131.65,131.35,131.0,130.47,141.25,101.55,45273496,5906640975.6,267573,TATASTEEL
2024-01-17,EQ,135.45,135.75,131.4,137.25,131.8,131.65,133.28,141.25,101.55,58982971,7861046380.15,298756,TATASTEEL
2024-01-16,EQ,134.7,138.5,134.0,134.9,137.25,137.25,136.59,141.25,101.55,56361287,7698143042.3,213394,TATASTEEL
2024-01-15,EQ,136.0,136.25,133.95,135.3,135.0,134.9,134.79,141.25,101.55,34158775,4604327884.95,177458,TATASTEEL
2024-01-12,EQ,135.8,136.25,134.65,134.9,135.45,135.3,135.58,141.25,101.55,32883921,4458550005.35,170543,TATASTEEL
2024-01-11,EQ,134.85,135.65,134.2,134.1,135.1,134.9,135.05,141.25,101.55,23113349,3121521575.35,152705,TATASTEEL
2024-01-10,EQ,133.8,134.7,132.1,133.65,134.15,134.1,133.72,141.25,101.55,27213624,3639089609.3,175426,TATASTEEL
2024-01-09,EQ,133.5,134.8,132.5,132.0,133.85,133.65,133.81,141.25,101.55,30736868,4113002298.9,168721,TATASTEEL
2024-01-08,EQ,135.3,135.95,131.75,133.65,132.3,132.0,133.63,141.25,101.55,39559717,5286469683.2,228285,TATASTEEL
2024-01-05,EQ,135.0,135.95,132.85,134.25,133.7,133.65,134.34,141.25,101.55,71330190,9582167218.8,248067,TATASTEEL
2024-01-04,EQ,136.0,136.35,134.0,135.35,134.4,134.25,134.42,141.25,101.55,43913498,5902644745.45,249740,TATASTEEL
2024-01-03,EQ,139.5,139.6,134.35,139.6,135.0,135.35,136.44,141.25,101.55,45176618,6164041917.5,279840,TATASTEEL
2024-01-02,EQ,140.5,140.6,137.05,139.85,139.5,139.6,139.16,141.25,101.55,27764060,3863703836.75,167466,TATASTEEL
2024-01-01,EQ,140.0,140.95,139.05,139.6,139.7,139.85,140.16,141.25,101.55,21186105,2969470656.95,187550,TATASTEEL
2023-12-29,EQ,138.6,141.25,137.15,138.15,139.3,139.6,139.52,141.25,101.55,49202910,6864963120.6,234503,TATASTEEL
2023-12-28,EQ,138.15,138.75,136.85,137.2,138.25,138.15,137.88,138.9,101.55,34661176,4779101020.6,215436,TATASTEEL
2023-12-27,EQ,135.85,138.9,135.5,135.2,137.0,137.2,137.4,138.9,101.55,48101400,6609221199.1,240022,TATASTEEL
2023-12-26,EQ,134.7,136.1,134.45,133.55,135.4,135.2,135.43,137.6,101.55,25936447,3512475189.45,182329,TATASTEEL
2023-12-22,EQ,132.4,134.75,131.75,131.0,133.45,133.55,133.44,137.6,101.55,37357334,4984874945.75,213314,TATASTEEL
2023-12-21,EQ,128.7,131.45,127.85,129.75,131.4,131.0,130.01,137.6,101.55,34914399,4539219050.25,198021,TATASTEEL
2023-12-20,EQ,135.9,136.15,128.75,135.4,128.85,129.75,132.87,137.6,101.55,39495961,5247706866.6,201438,TATASTEEL
2023-12-19,EQ,136.65,137.6,134.8,136.6,135.5,135.4,135.81,137.6,101.55,27726431,3765416442.2,167461,TATASTEEL
2023-12-18,EQ,136.85,137.6,135.1,136.45,136.55,136.6,136.73,137.6,101.55,38461877,5258816795.55,259565,TATASTEEL
2023-12-15,EQ,133.4,136.75,133.0,132.0,136.55,136.45,135.24,136.75,101.55,77377446,10464413045.45,292704,TATASTEEL
2023-12-14,EQ,132.3,133.25,131.5,131.4,132.0,132.0,132.33,135.0,101.55,43372143,5739357415.2,185803,TATASTEEL
2023-12-13,EQ,130.55,131.5,129.15,130.1,131.35,131.4,130.59,135.0,101.55,22767972,2973183996.2,146208,TATASTEEL
2023-12-12,EQ,130.05,132.15,129.7,130.05,130.35,130.1,130.87,135.0,101.55,30696410,4017198896.85,155668,TATASTEEL
2023-12-11,EQ,129.85,130.5,128.75,129.2,130.25,130.05,129.82,135.0,101.55,24038059,3120531964.3,144371,TATASTEEL
2023-12-08,EQ,130.15,131.4,127.95,130.0,129.2,129.2,129.66,135.0,101.55,34393711,4459353470.85,164457,TATASTEEL
2023-12-07,EQ,131.7,132.2,129.8,131.85,130.05,130.0,130.51,135.0,101.55,34686333,4527001638.35,176826,TATASTEEL
2023-12-06,EQ,132.5,133.4,130.8,131.6,132.0,131.85,132.0,135.0,101.55,40753593,5379558472.95,183004,TATASTEEL
2023-12-05,EQ,131.0,132.45,130.0,131.0,131.7,131.6,131.38,135.0,101.55,35192149,4623385317.75,191777,TATASTEEL
2023-12-04,EQ,132.2,132.35,130.4,130.0,131.0,131.0,131.07,135.0,101.55,41230928,5404051813.1,213569,TATASTEEL
2023-12-01,EQ,128.9,130.3,128.05,127.9,130.0,130.0,129.41,135.0,101.55,31192397,4036476816.0,172753,TATASTEEL
2023-11-30,EQ,127.8,128.85,126.5,127.75,127.9,127.9,127.97,135.0,101.55,40165104,5139985066.5,173510,TATASTEEL
2023-11-29,EQ,127.15,128.15,126.7,126.85,127.8,127.75,127.6,135.0,101.55,23092165,2946445299.55,137907,TATASTEEL
2023-11-28,EQ,127.0,127.0,126.0,125.95,126.95,126.85,126.49,135.0,101.55,18377843,2324566454.85,137072,TATASTEEL
2023-11-24,EQ,126.7,127.0,125.55,126.7,126.05,125.95,126.15,135.0,101.55,14719450,1856793943.75,104736,TATASTEEL
2023-11-23,EQ,126.35,127.4,125.9,126.1,126.75,126.7,126.78,135.0,101.55,30736851,3896787469.35,152378,TATASTEEL
2023-11-22,EQ,126.4,126.9,125.5,126.25,126.3,126.1,126.11,135.0,101.55,19588063,2470314487.15,112127,TATASTEEL
2023-11-21,EQ,125.05,126.4,124.95,124.35,126.2,126.25,125.95,135.0,101.55,29643312,3733534250.25,152063,TATASTEEL
2023-11-20,EQ,125.05,125.65,124.05,125.2,124.25,124.35,124.89,135.0,101.55,18780290,2345428249.95,144456,TATASTEEL
2023-11-17,EQ,124.7,125.75,124.3,124.7,125.0,125.2,125.16,135.0,101.55,23319439,2918581820.75,130629,TATASTEEL
2023-11-16,EQ,124.0,125.25,123.0,124.05,124.4,124.7,124.48,135.0,101.55,30836413,3838518574.75,165433,TATASTEEL
2023-11-15,EQ,121.7,124.4,121.5,121.0,124.1,124.05,123.38,135.0,101.55,38344393,4730975784.75,183566,TATASTEEL
2023-11-13,EQ,120.85,121.25,119.9,120.85,120.8,121.0,120.74,135.0,101.55,17951775,2167412969.4,128808,TATASTEEL
2023-11-12,EQ,121.6,121.6,120.6,120.05,120.85,120.85,120.92,135.0,101.55,3984034,481733972.85,69992,TATASTEEL
2023-11-10,EQ,119.5,120.45,118.8,119.65,120.15,120.05,119.81,135.0,101.55,23584510,2825663511.45,137597,TATASTEEL
2023-11-09,EQ,119.2,120.5,118.85,119.05,119.65,119.65,119.7,135.0,101.55,22979112,2750517129.7,132295,TATASTEEL
2023-11-08,EQ,119.75,120.5,118.55,119.65,119.05,119.05,119.11,135.0,101.55,22552386,2686143473.1,128934,TATASTEEL
2023-11-07,EQ,119.3,120.2,118.4,119.4,119.75,119.65,119.62,135.0,101.55,25818033,3088435269.9,135129,TATASTEEL
2023-11-06,EQ,118.5,119.65,117.5,117.3,119.6,119.4,118.62,135.0,101.55,27883152,3307444876.55,150363,TATASTEEL
2023-11-03,EQ,118.2,118.6,117.1,118.1,117.4,117.3,117.73,135.0,98.55,31747230,3737515379.95,179215,TATASTEEL
2023-11-02,EQ,114.6,118.55,114.6,116.6,118.5,118.1,116.7,135.0,98.55,72538804,8465495277.35,280659,TATASTEEL
2023-11-01,EQ,119.0,119.1,116.0,118.75,116.15,116.6,117.78,135.0,98.55,24717941,2911236884.9,162002,TATASTEEL
2023-10-31,EQ,120.0,120.15,118.4,119.15,118.9,118.75,119.02,135.0,98.55,22319950,2656447467.15,147250,TATASTEEL
2023-10-30,EQ,121.05,121.25,118.95,119.9,119.15,119.15,119.37,135.0,98.55,18753217,2238532926.65,145518,TATASTEEL
2023-10-27,EQ,120.5,121.8,119.5,119.9,120.0,119.9,120.34,135.0,98.55,28424007,3420565260.8,144880,TATASTEEL
2023-10-26,EQ,120.85,120.9,118.9,121.35,120.05,119.9,119.81,135.0,98.55,36298907,4348929304.25,191297,TATASTEEL
2023-10-25,EQ,121.2,122.8,120.75,120.0,121.3,121.35,121.79,135.0,98.55,27346103,3330569435.45,166352,TATASTEEL
2023-10-23,EQ,123.35,123.4,119.7,123.1,120.05,120.0,120.97,135.0,98.55,30699479,3713736345.95,198614,TATASTEEL
2023-10-20,EQ,125.0,125.75,122.7,126.0,123.1,123.1,124.01,135.0,98.1,30746140,3812744831.35,192203,TATASTEEL
2023-10-19,EQ,125.5,126.5,124.35,127.1,125.8,126.0,125.46,135.0,98.1,30941319,3881944628.55,165387,TATASTEEL
2023-10-18,EQ,127.85,128.7,126.6,127.4,127.1,127.1,127.42,135.0,98.1,20926079,2666501947.15,141265,TATASTEEL
2023-10-17,EQ,127.9,128.55,127.0,127.0,127.75,127.4,127.9,135.0,98.1,24241710,3100588399.8,136830,TATASTEEL
2023-10-16,EQ,125.1,127.25,124.95,125.05,127.1,127.0,126.51,135.0,98.1,23868700,3019547026.8,148084,TATASTEEL
2023-10-13,EQ,125.0,125.75,124.0,125.9,125.2,125.05,124.93,135.0,98.1,26912800,3362090989.25,160443,TATASTEEL
2023-10-12,EQ,125.35,126.9,125.1,124.95,125.8,125.9,126.09,135.0,98.1,19361688,2441391694.9,126504,TATASTEEL
2023-10-11,EQ,126.0,126.3,124.7,125.3,124.95,124.95,125.48,135.0,98.1,24455932,3068616682.35,132086,TATASTEEL
2023-10-10,EQ,124.7,125.9,123.75,123.85,125.25,125.3,124.78,135.0,98.1,28745957,3586819958.85,171447,TATASTEEL
2023-10-09,EQ,124.8,124.9,122.6,125.9,123.35,123.85,123.88,135.0,98.1,21457836,2658219956.95,187353,TATASTEEL
2023-10-06,EQ,126.5,127.0,125.1,125.25,125.85,125.9,125.85,135.0,98.0,21928671,2759725379.5,145005,TATASTEEL
2023-10-05,EQ,125.9,126.15,124.55,125.3,125.55,125.25,125.31,135.0,98.0,27063441,3391365474.55,165593,TATASTEEL
2023-10-04,EQ,127.0,127.1,124.5,128.0,125.35,125.3,125.49,135.0,98.0,33272725,4175249159.9,214486,TATASTEEL
2023-10-03,EQ,129.0,129.1,127.25,128.9,128.1,128.0,127.82,135.0,98.0,18613557,2379107875.8,136399,TATASTEEL
2023-09-29,EQ,128.2,129.55,127.55,126.8,129.05,128.9,128.73,135.0,95.0,28406435,3656717531.85,156353,TATASTEEL
2023-09-28,EQ,128.35,129.3,126.3,128.15,127.25,126.8,127.69,135.0,95.0,29982233,3828288872.45,165709,TATASTEEL
2023-09-27,EQ,128.75,128.75,126.7,128.9,128.4,128.15,127.79,135.0,95.0,33277329,4252437333.0,184173,TATASTEEL
2023-09-26,EQ,129.0,130.55,128.4,127.4,128.95,128.9,129.5,135.0,95.0,48936598,6337243511.85,235615,TATASTEEL
2023-09-25,EQ,127.3,128.3,126.1,126.75,127.25,127.4,127.29,135.0,95.0,23466981,2987046458.0,148843,TATASTEEL
2023-09-22,EQ,127.15,128.7,125.5,127.8,127.2,126.75,127.09,135.0,95.0,34059194,4328563173.75,193209,TATASTEEL
2023-09-21,EQ,128.3,129.25,127.2,128.3,127.9,127.8,128.19,135.0,95.0,29826091,3823296128.15,189809,TATASTEEL
2023-09-20,EQ,130.45,131.8,128.0,130.45,128.5,128.3,129.55,135.0,95.0,43627379,5651983902.35,220289,TATASTEEL
2023-09-18,EQ,135.0,135.0,130.05,131.95,130.5,130.45,131.81,135.0,95.0,62420823,8227968331.45,282655,TATASTEEL
2023-09-15,EQ,132.6,133.3,129.85,131.7,132.2,131.95,131.48,134.2,95.0,85058495,11183754761.5,189446,TATASTEEL
2023-09-14,EQ,131.0,134.2,130.8,129.55,131.95,131.7,132.32,134.2,95.0,58800620,7780313510.1,333183,TATASTEEL
2023-09-13,EQ,129.6,130.5,127.7,129.0,129.9,129.55,129.32,133.15,95.0,23371459,3022484084.0,163917,TATASTEEL
2023-09-12,EQ,132.8,133.15,128.65,131.15,128.9,129.0,130.05,133.15,95.0,38065283,4950314633.25,212107,TATASTEEL
2023-09-11,EQ,129.5,131.85,129.2,129.5,131.1,131.15,130.71,132.9,95.0,33377857,4362862449.95,174961,TATASTEEL
2023-09-08,EQ,131.4,131.65,129.2,130.15,129.6,129.5,130.24,132.9,95.0,34313523,4469052986.9,126365,TATASTEEL
2023-09-07,EQ,129.5,130.8,128.6,129.6,130.1,130.15,130.0,132.9,95.0,30268235,3934781899.05,153956,TATASTEEL
2023-09-06,EQ,132.4,132.4,128.2,131.7,129.45,129.6,129.55,132.9,95.0,36058850,4671465545.35,216595,TATASTEEL
2023-09-05,EQ,131.75,132.45,128.85,131.75,131.75,131.7,130.75,132.9,95.0,36466807,4767857575.05,190902,TATASTEEL
2023-09-04,EQ,129.2,132.9,128.85,127.05,131.9,131.75,131.69,132.9,95.0,68525900,9024225220.75,342443,TATASTEEL
2023-09-01,EQ,123.5,128.7,123.4,122.9,126.8,127.05,127.05,128.7,95.0,76460408,9714089379.55,315467,TATASTEEL
2023-08-31,EQ,122.85,123.6,122.15,122.1,123.6,122.9,122.77,124.3,95.0,60626985,7443473788.5,201344,TATASTEEL
2023-08-30,EQ,120.5,122.7,120.25,119.55,122.05,122.1,122.02,124.3,95.0,51467177,6279989423.5,265241,TATASTEEL
2023-08-29,EQ,118.5,120.15,117.75,117.6,119.8,119.55,119.1,124.3,95.0,36038317,4292328896.1,129481,TATASTEEL
2023-08-28,EQ,117.0,118.25,117.0,116.9,117.55,117.6,117.68,124.3,95.0,19218821,2261679617.1,103263,TATASTEEL
2023-08-25,EQ,118.0,118.15,116.7,118.25,117.1,116.9,117.39,124.3,95.0,23692527,2781176955.2,107610,TATASTEEL
2023-08-24,EQ,119.5,120.1,118.05,118.95,118.3,118.25,118.81,124.3,95.0,27103446,3220087938.55,134041,TATASTEEL
2023-08-23,EQ,117.85,119.25,117.65,117.55,118.85,118.95,118.89,124.3,95.0,43744909,5200886017.65,133768,TATASTEEL
2023-08-22,EQ,117.15,117.75,116.5,116.9,117.55,117.55,117.21,124.3,95.0,17343131,2032761447.1,111027,TATASTEEL
2023-08-21,EQ,116.75,117.1,115.85,115.8,116.8,116.9,116.64,124.3,95.0,22629651,2639628824.7,134669,TATASTEEL
2023-08-18,EQ,116.3,116.4,114.75,116.05,116.4,115.8,115.55,124.3,95.0,30381609,3510516688.5,137398,TATASTEEL
2023-08-17,EQ,115.9,116.8,114.7,115.95,115.95,116.05,115.78,124.3,95.0,28461865,3295420065.1,171164,TATASTEEL
2023-08-16,EQ,117.95,117.95,115.4,118.15,115.9,115.95,116.22,124.3,95.0,31252473,3632061298.05,169033,TATASTEEL
2023-08-14,EQ,120.3,120.4,117.35,120.3,117.85,118.15,118.23,124.3,95.0,33095516,3912829472.45,167262,TATASTEEL
2023-08-11,EQ,120.3,121.4,119.15,120.0,120.55,120.3,120.43,124.3,95.0,26337436,3171761199.15,144366,TATASTEEL
2023-08-10,EQ,120.0,120.65,119.25,120.2,120.0,120.0,119.92,124.3,95.0,24439101,2930627924.3,140513,TATASTEEL
2023-08-09,EQ,118.35,120.5,116.9,118.15,120.4,120.2,118.53,124.3,95.0,34154214,4048450641.55,146911,TATASTEEL
2023-08-08,EQ,119.0,119.5,117.95,118.85,118.15,118.15,118.51,124.3,95.0,21275054,2521377215.1,122839,TATASTEEL
2023-08-07,EQ,119.6,119.6,118.0,119.0,118.6,118.85,118.73,124.3,95.0,20711952,2459082671.95,133643,TATASTEEL
2023-08-04,EQ,119.4,119.75,118.0,118.2,119.0,119.0,118.93,124.3,95.0,22303966,2652551989.7,114669,TATASTEEL
2023-08-03,EQ,118.7,119.65,117.5,118.95,118.6,118.2,118.24,124.3,95.0,34624188,4093884505.55,196496,TATASTEEL
2023-08-02,EQ,122.9,122.9,118.25,123.2,119.2,118.95,119.89,124.3,95.0,54951586,6587887454.35,240403,TATASTEEL
2023-08-01,EQ,123.55,124.15,122.55,123.15,123.15,123.2,123.36,124.3,95.0,27863562,3437363292.15,152455,TATASTEEL
2023-07-31,EQ,120.6,123.85,120.6,120.6,122.85,123.15,122.85,124.3,95.0,52330311,6429027091.55,223916,TATASTEEL
2023-07-28,EQ,120.2,121.1,118.7,119.8,120.5,120.6,119.93,976.7,95.0,33996691,4077360851.6,140641,TATASTEEL
2023-07-27,EQ,120.25,121.45,119.15,119.95,120.3,119.8,120.27,976.7,95.0,39664251,4770485839.25,155050,TATASTEEL
2023-07-26,EQ,119.8,120.6,118.85,119.25,119.85,119.95,119.81,976.7,95.0,29716336,3560354181.25,166824,TATASTEEL
2023-07-25,EQ,115.0,119.9,114.35,115.5,119.1,119.25,118.27,976.7,95.0,88035259,10412164866.45,290928,TATASTEEL
2023-07-24,EQ,116.5,116.5,114.35,116.6,115.25,115.5,115.37,976.7,95.0,38113555,4397247627.25,166031,TATASTEEL
2023-07-21,EQ,116.6,117.95,115.5,116.95,116.7,116.6,116.65,976.7,95.0,31546136,3679825459.1,126664,TATASTEEL
2023-07-20,EQ,116.7,117.25,116.35,116.7,116.9,116.95,116.87,976.7,95.0,22303831,2606703327.15,106969,TATASTEEL
2023-07-19,EQ,116.7,117.2,116.1,116.6,116.55,116.7,116.69,976.7,95.0,17222355,2009694774.1,112312,TATASTEEL
2023-07-18,EQ,118.0,118.15,116.4,117.75,116.6,116.6,117.09,976.7,95.0,23433431,2743857232.85,124030,TATASTEEL
2023-07-17,EQ,117.95,119.35,117.1,117.15,117.8,117.75,118.34,976.7,95.0,49115369,5812313828.95,196197,TATASTEEL
2023-07-14,EQ,115.7,117.9,114.8,114.85,117.65,117.15,116.26,976.7,95.0,34521821,4013534242.35,138452,TATASTEEL
2023-07-13,EQ,116.0,116.95,114.5,114.7,114.95,114.85,115.73,976.7,95.0,44847814,5190013535.6,161649,TATASTEEL
2023-07-12,EQ,115.15,116.05,114.0,115.15,114.75,114.7,114.77,976.7,95.0,32771204,3761070520.6,149737,TATASTEEL
2023-07-11,EQ,115.6,116.1,114.8,115.3,115.1,115.15,115.43,976.7,95.0,37999385,4386130159.45,192661,TATASTEEL
2023-07-10,EQ,112.25,115.7,111.65,111.6,115.25,115.3,114.48,976.7,95.0,60652690,6943815581.6,219509,TATASTEEL
2023-07-07,EQ,112.0,113.3,111.25,112.65,111.6,111.6,112.11,976.7,95.0,30034274,3367102319.95,113689,TATASTEEL
2023-07-06,EQ,112.0,112.85,111.5,112.95,112.65,112.65,112.15,976.7,95.0,34320086,3849061350.15,138042,TATASTEEL
2023-07-05,EQ,112.55,113.55,112.2,112.4,112.9,112.95,112.97,976.7,95.0,27877180,3149305413.45,119567,TATASTEEL
2023-07-04,EQ,113.2,113.4,112.1,113.1,112.35,112.4,112.66,976.7,95.0,25080307,2825446861.1,124580,TATASTEEL
2023-07-03,EQ,112.25,114.25,112.05,112.0,113.0,113.1,113.38,976.7,95.0,30979256,3512345035.75,137687,TATASTEEL
2023-06-30,EQ,111.6,112.2,110.4,111.55,112.0,112.0,111.64,976.7,95.0,26741918,2985382486.2,129098,TATASTEEL
2023-06-28,EQ,111.5,112.05,110.9,110.75,111.65,111.55,111.54,976.7,95.0,23895274,2665315375.2,123251,TATASTEEL
2023-06-27,EQ,110.6,111.5,110.15,109.85,110.9,110.75,110.86,976.7,95.0,24129403,2675086307.85,138795,TATASTEEL
2023-06-26,EQ,109.6,110.2,108.1,109.6,110.2,109.85,109.1,976.7,95.0,25332751,2763734572.75,129004,TATASTEEL
2023-06-23,EQ,110.5,110.75,109.2,111.1,109.35,109.6,109.97,976.7,95.0,22190233,2440221682.95,112770,TATASTEEL
2023-06-22,EQ,110.6,112.2,110.55,113.9,111.2,111.1,111.38,976.7,95.0,34769987,3872688551.2,153503,TATASTEEL
2023-06-21,EQ,114.9,114.9,112.85,114.25,113.95,113.9,113.68,976.7,95.0,35627983,4050186870.45,141248,TATASTEEL
2023-06-20,EQ,114.1,115.25,113.5,114.1,114.5,114.25,114.53,976.7,95.0,30371599,3478440270.4,137218,TATASTEEL
2023-06-19,EQ,115.45,115.6,113.05,114.25,114.2,114.1,114.08,976.7,95.0,33502185,3822038084.4,140304,TATASTEEL
2023-06-16,EQ,114.4,114.8,113.85,113.75,114.35,114.25,114.24,1013.7,95.0,31715807,3623157859.1,119137,TATASTEEL
2023-06-15,EQ,113.9,114.2,113.25,113.8,113.65,113.75,113.75,1013.7,95.0,39430138,4485256302.8,148524,TATASTEEL
2023-06-14,EQ,111.5,114.0,111.4,111.15,113.75,113.8,113.22,1013.7,95.0,66696433,7551041425.2,245307,TATASTEEL
2023-06-13,EQ,110.0,111.85,109.65,109.5,111.05,111.15,110.85,1013.7,95.0,30018212,3327632939.35,129410,TATASTEEL
2023-06-12,EQ,109.15,110.6,109.15,108.9,109.55,109.5,109.79,1013.7,95.0,23472313,2577057322.15,129504,TATASTEEL
2023-06-09,EQ,111.25,111.65,108.65,111.15,109.15,108.9,109.42,1088.9,95.0,36392617,3982174835.8,160353,TATASTEEL
2023-06-08,EQ,111.5,113.0,110.95,111.5,111.25,111.15,111.81,1088.9,95.0,46380294,5185782963.2,163368,TATASTEEL
2023-06-07,EQ,109.5,111.75,108.9,109.0,111.5,111.5,110.46,1088.9,95.0,45157197,4987884439.9,172381,TATASTEEL
2023-06-06,EQ,109.75,109.85,108.3,109.4,109.1,109.0,108.94,1088.9,95.0,26751372,2914420221.25,123777,TATASTEEL
2023-06-05,EQ,108.65,109.9,107.8,108.0,109.6,109.4,108.83,1088.9,95.0,39642539,4314334583.1,143608,TATASTEEL
2023-06-02,EQ,106.5,108.3,106.5,105.95,108.05,108.0,107.48,1092.8,95.0,46686933,5017725667.7,138198,TATASTEEL
2023-06-01,EQ,105.9,106.7,105.8,105.8,106.0,105.95,106.15,1092.8,95.0,21211538,2251551758.05,94464,TATASTEEL
2023-05-31,EQ,106.4,106.95,105.6,107.05,105.85,105.8,106.14,1092.8,95.0,41249944,4378251037.75,131061,TATASTEEL
2023-05-30,EQ,108.95,108.95,106.9,108.45,106.95,107.05,107.57,1092.8,95.0,33475211,3600917274.85,134867,TATASTEEL
2023-05-29,EQ,107.0,108.85,106.3,106.4,108.35,108.45,107.92,1092.8,95.0,41062311,4431534295.9,149388,TATASTEEL
2023-05-26,EQ,105.0,106.75,104.95,104.85,106.45,106.4,105.85,1097.0,95.0,28362042,3002217896.9,106252,TATASTEEL
2023-05-25,EQ,105.0,105.2,104.3,105.2,105.0,104.85,104.66,1097.0,95.0,25885062,2709050705.2,120182,TATASTEEL
2023-05-24,EQ,105.1,105.8,104.9,105.6,105.0,105.2,105.3,1097.0,95.0,28454367,2996344304.75,113015,TATASTEEL
2023-05-23,EQ,105.1,106.05,105.0,105.0,105.6,105.6,105.58,1097.0,95.0,21304034,2249349513.1,120258,TATASTEEL
2023-05-22,EQ,105.0,105.25,104.3,104.65,105.1,105.0,104.88,1097.0,95.0,21588716,2264331112.7,146640,TATASTEEL
2023-05-19,EQ,105.6,105.7,104.05,105.2,104.7,104.65,104.56,1209.0,95.0,29848841,3120908345.85,164196,TATASTEEL
2023-05-18,EQ,106.5,107.15,105.1,106.0,105.35,105.2,105.92,1209.0,95.0,24208481,2564275088.3,153094,TATASTEEL
2023-05-17,EQ,107.4,107.5,105.55,107.4,106.05,106.0,106.26,1209.0,95.0,28895465,3070486552.55,158469,TATASTEEL
2023-05-16,EQ,108.2,108.65,107.2,107.7,107.55,107.4,107.62,1209.0,95.0,18587658,2000332266.55,95237,TATASTEEL
2023-05-15,EQ,107.05,108.2,105.65,106.75,107.65,107.7,107.17,1209.0,95.0,22148028,2373507495.9,124207,TATASTEEL
2023-05-12,EQ,108.35,108.4,106.55,108.55,106.85,106.75,107.06,1274.2,95.0,36794838,3939190769.55,152385,TATASTEEL
2023-05-11,EQ,109.2,109.5,108.25,109.25,108.65,108.55,108.8,1274.2,95.0,19817637,2156137340.3,108331,TATASTEEL
2023-05-10,EQ,109.6,110.0,108.6,109.55,109.35,109.25,109.03,1274.2,95.0,19213215,2094912629.6,102095,TATASTEEL
2023-05-09,EQ,109.6,111.2,109.15,109.55,109.65,109.55,110.22,1274.2,95.0,27999202,3085964389.15,124913,TATASTEEL
2023-05-08,EQ,109.25,109.85,108.25,108.65,109.75,109.55,109.36,1274.2,95.0,23130472,2529484680.95,100999,TATASTEEL
2023-05-05,EQ,110.85,110.85,108.4,111.05,108.7,108.65,109.25,1330.0,95.0,32958346,3600677932.4,132104,TATASTEEL
2023-05-04,EQ,110.0,111.9,109.5,109.7,110.9,111.05,111.1,1330.0,95.0,38636907,4292397887.1,141966,TATASTEEL
2023-05-03,EQ,109.8,111.0,108.75,110.3,109.75,109.7,109.71,1330.0,95.0,51272624,5625037044.3,164302,TATASTEEL
2023-05-02,EQ,108.0,110.85,108.0,107.95,110.4,110.3,109.88,1330.0,95.0,52822162,5803926375.6,177776,TATASTEEL
2023-04-28,EQ,107.8,108.5,107.3,107.65,108.0,107.95,107.8,1330.0,95.0,30072920,3241848071.05,121074,TATASTEEL
2023-04-27,EQ,106.3,107.85,106.3,106.85,107.65,107.65,107.29,1330.0,95.0,22364308,2399360923.3,101664,TATASTEEL
2023-04-26,EQ,106.5,107.05,105.85,107.05,106.9,106.85,106.61,1330.0,95.0,23590297,2514895123.15,102154,TATASTEEL
2023-04-25,EQ,106.7,107.6,106.25,106.5,106.95,107.05,107.17,1330.0,95.0,23333425,2500546363.5,117726,TATASTEEL
2023-04-24,EQ,106.4,106.7,105.35,106.15,106.7,106.5,106.21,1330.0,95.0,23475012,2493311630.9,104865,TATASTEEL
2023-04-21,EQ,108.0,108.1,105.35,108.0,106.1,106.15,106.06,1366.65,95.0,37638506,3991843098.75,155242,TATASTEEL
2023-04-20,EQ,108.2,108.7,107.4,108.1,108.1,108.0,108.02,1366.65,95.0,18337948,1980844661.65,99645,TATASTEEL
2023-04-19,EQ,107.85,110.4,107.75,107.6,108.1,108.1,109.04,1366.65,95.0,62100775,6771763621.7,184789,TATASTEEL
2023-04-18,EQ,107.2,107.9,106.85,107.15,107.55,107.6,107.33,1366.65,95.0,25476339,2734457761.1,81880,TATASTEEL
2023-04-17,EQ,107.6,108.3,106.75,107.5,107.2,107.15,107.25,1366.65,95.0,24642162,2642835449.5,124418,TATASTEEL
2023-04-13,EQ,107.5,108.15,105.9,107.6,107.6,107.5,106.9,1384.0,95.0,34880922,3728837192.45,123611,TATASTEEL
2023-04-12,EQ,108.2,108.4,106.95,107.55,107.7,107.6,107.81,1384.0,95.0,27349538,2948517983.1,128731,TATASTEEL
2023-04-11,EQ,105.55,107.85,105.1,104.95,107.6,107.55,106.2,1384.0,95.0,49304956,5236110495.1,130047,TATASTEEL
2023-04-10,EQ,104.5,105.75,104.5,104.35,105.1,104.95,105.07,1384.0,95.0,19992257,2100642987.95,99915,TATASTEEL
2023-04-06,EQ,104.85,105.1,104.2,104.85,104.5,104.35,104.58,1386.7,95.0,21053782,2201800059.7,95727,TATASTEEL
2023-04-05,EQ,104.1,105.0,103.2,104.1,104.8,104.85,104.27,1386.7,95.0,25194802,2627043258.3,126999,TATASTEEL
2023-04-03,EQ,105.1,105.25,103.8,104.5,104.15,104.1,104.3,1386.7,95.0,21840428,2278058629.4,111674,TATASTEEL
2023-03-31,EQ,105.0,105.5,104.1,103.6,104.5,104.5,104.9,1386.7,95.0,34579415,3627314028.05,143838,TATASTEEL
2023-03-29,EQ,102.5,104.5,101.65,102.5,103.8,103.6,102.55,1386.7,95.0,37221124,3817072842.05,150605,TATASTEEL
2023-03-28,EQ,102.85,103.1,102.35,102.3,102.6,102.5,102.66,1386.7,95.0,18703734,1920212067.45,119164,TATASTEEL
2023-03-27,EQ,102.55,103.4,102.1,102.1,102.3,102.3,102.63,1386.7,95.0,24753289,2540528569.55,149006,TATASTEEL
2023-03-24,EQ,105.0,105.05,101.55,104.9,102.05,102.1,103.1,1386.7,95.0,39014278,4022377160.1,241782,TATASTEEL
2023-03-23,EQ,104.4,105.5,104.35,104.8,105.0,104.9,105.06,1386.7,95.0,20913844,2197143347.9,114789,TATASTEEL
2023-03-22,EQ,104.75,105.95,104.4,104.75,104.95,104.8,105.21,1386.7,95.0,25891259,2724080059.55,105023,TATASTEEL
2023-03-21,EQ,105.1,105.4,104.3,104.5,104.8,104.75,104.71,1386.7,95.0,26434897,2768091153.4,142994,TATASTEEL
2023-03-20,EQ,106.1,106.45,103.85,107.0,104.5,104.5,104.71,1386.7,95.0,41569640,4352603949.85,182679,TATASTEEL
2023-03-17,EQ,106.45,107.35,105.0,105.05,107.15,107.0,106.25,1386.7,95.0,48962238,5202472538.4,165069,TATASTEEL
2023-03-16,EQ,107.25,107.25,103.7,108.65,105.3,105.05,104.83,1386.7,95.0,81088340,8500165789.1,276188,TATASTEEL
2023-03-15,EQ,107.5,109.15,107.4,106.4,108.7,108.65,108.53,1386.7,95.0,38930902,4225315557.85,150243,TATASTEEL
2023-03-14,EQ,107.0,108.55,106.2,106.8,106.55,106.4,107.38,1386.7,95.0,48584984,5217199866.9,166949,TATASTEEL
2023-03-13,EQ,108.25,109.0,106.35,108.1,107.15,106.8,107.66,1386.7,95.0,34552596,3720063116.85,143686,TATASTEEL
2023-03-10,EQ,107.0,108.35,106.6,108.2,108.15,108.1,107.74,1386.7,95.0,47699832,5138944228.45,154176,TATASTEEL
2023-03-09,EQ,107.85,108.95,107.5,106.5,108.2,108.2,108.41,1386.7,95.0,51967449,5633985537.85,199963,TATASTEEL
2023-03-08,EQ,105.3,106.9,104.0,105.65,106.4,106.5,106.1,1386.7,95.0,43939583,4661890631.85,176234,TATASTEEL
2023-03-06,EQ,107.5,107.6,105.0,107.0,105.85,105.65,106.04,1386.7,95.0,106868143,11331946650.0,235575,TATASTEEL
2023-03-03,EQ,106.0,107.45,105.0,104.65,107.45,107.0,105.92,1386.7,95.0,117175295,12410956853.75,212882,TATASTEEL
2023-03-02,EQ,106.05,106.9,104.35,105.5,104.85,104.65,105.14,1386.7,95.0,55276248,5811826485.25,200155,TATASTEEL
2023-03-01,EQ,104.7,107.1,104.5,103.95,105.7,105.5,105.57,1386.7,95.0,76175319,8041859455.85,212265,TATASTEEL
2023-02-28,EQ,106.85,107.05,103.55,106.1,104.1,103.95,104.68,1386.7,95.0,76540448,8012243048.1,273452,TATASTEEL
2023-02-27,EQ,109.8,110.05,105.15,109.75,106.5,106.1,106.67,1386.7,95.0,56217189,5996571618.55,276383,TATASTEEL
2023-02-24,EQ,112.5,112.9,109.55,112.05,109.85,109.75,110.47,1386.7,95.0,34326940,3792036662.95,154954,TATASTEEL
2023-02-23,EQ,111.55,113.65,111.35,111.15,112.2,112.05,112.32,1386.7,95.0,30845778,3464472213.65,153482,TATASTEEL
2023-02-22,EQ,113.25,113.7,110.65,113.15,111.15,111.15,111.85,1386.7,95.0,24391211,2728186737.25,128818,TATASTEEL
2023-02-21,EQ,112.9,114.2,112.75,112.35,113.45,113.15,113.56,1386.7,95.0,29830864,3387474094.25,149603,TATASTEEL
2023-02-20,EQ,112.3,112.7,111.05,112.25,112.55,112.35,112.16,1386.7,95.0,19896764,2231699003.55,105686,TATASTEEL
2023-02-17,EQ,111.55,113.1,111.3,112.0,112.1,112.25,112.56,1386.7,95.0,34107244,3839275198.65,150582,TATASTEEL
2023-02-16,EQ,111.0,112.2,110.65,110.3,112.0,112.0,111.38,1386.7,95.0,30956191,3447951206.65,133246,TATASTEEL
2023-02-15,EQ,109.0,110.6,108.8,109.25,110.35,110.3,109.82,1386.7,95.0,35544190,3903313900.75,150839,TATASTEEL
2023-02-14,EQ,109.55,109.9,108.25,108.75,109.3,109.25,109.07,1386.7,95.0,31163587,3399153115.15,147750,TATASTEEL
2023-02-13,EQ,108.8,110.6,108.4,108.8,109.15,108.75,109.23,1386.7,95.0,56186469,6136999513.3,213478,TATASTEEL
2023-02-10,EQ,111.0,111.25,108.3,111.25,108.75,108.8,109.08,1386.7,95.0,60810058,6633301056.7,270870,TATASTEEL
2023-02-09,EQ,112.15,112.95,109.95,111.45,111.35,111.25,111.11,1386.7,95.0,64710455,7190126333.05,195025,TATASTEEL
2023-02-08,EQ,111.45,112.75,110.1,111.45,111.6,111.45,111.47,1386.7,95.0,66523699,7415660810.8,246258,TATASTEEL
2023-02-07,EQ,112.6,115.35,110.55,117.45,111.2,111.45,112.53,1386.7,95.0,110953246,12485538285.3,427378,TATASTEEL
2023-02-06,EQ,120.0,120.0,117.0,120.35,117.2,117.45,117.84,1386.7,95.0,49546361,5838695548.5,209239,TATASTEEL
2023-02-03,EQ,120.05,121.0,117.2,119.95,120.0,120.35,119.18,1386.7,95.0,46977350,5598705778.3,180644,TATASTEEL
2023-02-02,EQ,121.95,122.5,118.4,122.05,120.0,119.95,119.7,1386.7,95.0,38768010,4640608722.05,156869,TATASTEEL
2023-02-01,EQ,120.1,124.15,119.3,119.7,122.05,122.05,122.17,1386.7,95.0,72919626,8908255658.1,218692,TATASTEEL
2023-01-31,EQ,118.75,120.45,117.75,118.75,119.6,119.7,119.48,1386.7,95.0,43986769,5255511455.05,165252,TATASTEEL
2023-01-30,EQ,120.45,121.1,116.9,120.65,118.65,118.75,118.48,1386.7,95.0,46551837,5515300590.95,197879,TATASTEEL
2023-01-27,EQ,121.9,123.25,119.1,121.0,120.65,120.65,121.04,1386.7,95.0,58771746,7113714095.55,193540,TATASTEEL
2023-01-25,EQ,120.35,122.25,120.1,120.4,121.0,121.0,120.91,1386.7,95.0,46522102,5624860373.1,152844,TATASTEEL
2023-01-24,EQ,122.5,122.55,120.1,122.0,120.4,120.4,121.01,1386.7,95.0,27707765,3353043685.55,137675,TATASTEEL
2023-01-23,EQ,123.4,123.85,121.5,122.95,121.8,122.0,122.6,1386.7,95.0,28601260,3506407861.1,133056,TATASTEEL
2023-01-20,EQ,123.4,124.2,122.0,123.55,122.9,122.95,123.27,1386.7,95.0,37784498,4657678101.5,160324,TATASTEEL
2023-01-19,EQ,121.8,124.3,121.15,122.45,123.5,123.55,123.39,1386.7,95.0,53564076,6609306267.85,238773,TATASTEEL
2023-01-18,EQ,120.0,123.0,120.0,119.35,122.2,122.45,122.08,1386.7,95.0,64749065,7904467813.2,236724,TATASTEEL
2023-01-17,EQ,119.75,119.9,118.0,119.95,119.3,119.35,119.0,1386.7,95.0,27880531,3317731473.65,117336,TATASTEEL
2023-01-16,EQ,121.45,121.45,118.8,120.45,119.65,119.95,119.8,1386.7,95.0,44362359,5314417958.05,178138,TATASTEEL
2023-01-13,EQ,118.55,121.6,118.15,118.1,120.35,120.45,120.31,1386.7,95.0,68884010,8287320121.45,242859,TATASTEEL
2023-01-12,EQ,118.95,119.25,117.6,118.85,117.9,118.1,118.16,1386.7,95.0,33740024,3986728182.75,127108,TATASTEEL
2023-01-11,EQ,119.45,120.35,118.0,118.85,118.6,118.85,119.04,1386.7,95.0,49321252,5871210496.25,182298,TATASTEEL
2023-01-10,EQ,117.65,119.75,117.55,117.55,118.7,118.85,118.63,1386.7,95.0,56750710,6732375346.95,206267,TATASTEEL
2023-01-09,EQ,116.9,118.1,116.55,115.65,117.6,117.55,117.54,1386.7,95.0,37763131,4438628753.1,184045,TATASTEEL
2023-01-06,EQ,117.0,117.85,115.25,116.55,115.6,115.65,116.57,1386.7,95.0,58551863,6825354273.05,187180,TATASTEEL
2023-01-05,EQ,116.5,117.0,114.5,115.75,116.8,116.55,115.74,1386.7,95.0,58806907,6806057647.8,238074,TATASTEEL
2023-01-04,EQ,118.75,119.05,115.35,118.45,115.45,115.75,116.56,1386.7,95.0,55634568,6484836352.55,219447,TATASTEEL
2023-01-03,EQ,119.8,120.5,117.75,119.25,118.5,118.45,119.04,1386.7,95.0,74419090,8859042586.45,279140,TATASTEEL
2023-01-02,EQ,114.4,119.7,113.75,112.65,119.1,119.25,117.82,1386.7,95.0,143444095,16899938209.6,481935,TATASTEEL
2022-12-30,EQ,112.9,114.75,112.1,111.75,112.85,112.65,113.48,1386.7,95.0,56048485,6360199033.4,209598,TATASTEEL
2022-12-29,EQ,109.0,112.0,108.85,110.0,111.65,111.75,110.83,1386.7,95.0,51751642,5735642386.1,171506,TATASTEEL
2022-12-28,EQ,111.05,112.3,109.7,111.15,110.2,110.0,110.95,1386.7,95.0,50660601,5620984092.1,186350,TATASTEEL
2022-12-27,EQ,106.65,111.55,105.85,105.0,111.3,111.15,109.38,1386.7,95.0,76033410,8316497757.0,241759,TATASTEEL
2022-12-26,EQ,102.8,105.55,101.65,102.25,104.95,105.0,104.39,1386.7,95.0,33995681,3548856093.4,160626,TATASTEEL
2022-12-23,EQ,106.0,106.75,101.95,107.65,102.25,102.25,103.97,1386.7,95.0,46756489,4861179723.65,247994,TATASTEEL
2022-12-22,EQ,110.0,110.6,106.35,109.4,107.25,107.65,107.78,1386.7,95.0,39639329,4272289160.15,156763,TATASTEEL
2022-12-21,EQ,111.8,112.0,108.7,110.95,109.6,109.4,110.33,1386.7,95.0,32303565,3564029185.2,123288,TATASTEEL
2022-12-20,EQ,111.15,111.5,109.0,111.8,111.0,110.95,110.28,1386.7,95.0,34836506,3841678276.75,124555,TATASTEEL
2022-12-19,EQ,111.05,112.1,110.8,111.05,111.7,111.8,111.48,1386.7,95.0,17297590,1928331474.4,110179,TATASTEEL
2022-12-16,EQ,110.35,112.1,109.45,110.95,110.8,111.05,110.78,1386.7,95.0,34736665,3848127933.45,121660,TATASTEEL
2022-12-15,EQ,112.65,113.45,110.7,113.05,110.9,110.95,111.72,1386.7,95.0,34361613,3838903320.85,179928,TATASTEEL
2022-12-14,EQ,111.6,113.2,111.1,111.2,113.05,113.05,112.43,1386.7,95.0,38606984,4340715290.6,250142,TATASTEEL
2022-12-13,EQ,112.55,112.85,110.8,111.7,111.25,111.2,111.47,1386.7,95.0,32264080,3596515740.25,111948,TATASTEEL
2022-12-12,EQ,110.2,112.1,108.7,110.45,111.95,111.7,110.86,1386.7,95.0,37082389,4110851619.65,134511,TATASTEEL
2022-12-09,EQ,112.8,113.75,109.7,111.85,110.4,110.45,111.58,1386.7,95.0,35665257,3979539564.25,150422,TATASTEEL
2022-12-08,EQ,111.75,113.0,110.8,111.2,112.0,111.85,111.73,1386.7,95.0,32416724,3621976760.8,138285,TATASTEEL
2022-12-07,EQ,113.4,113.5,110.85,112.95,111.2,111.2,111.93,1386.7,95.0,39494279,4420597087.65,152182,TATASTEEL
2022-12-06,EQ,115.35,115.35,112.25,115.85,112.95,112.95,113.31,1386.7,95.0,50581245,5731246025.85,204447,TATASTEEL
2022-12-05,EQ,113.3,116.1,112.65,112.0,115.45,115.85,114.79,1386.7,95.0,96441799,11070587626.6,319132,TATASTEEL
2022-12-02,EQ,110.8,112.5,110.15,110.75,111.85,112.0,111.54,1386.7,95.0,70541914,7868561475.35,227806,TATASTEEL
2022-12-01,EQ,108.7,111.3,108.0,107.65,110.55,110.75,109.75,1386.7,95.0,91702642,10064703817.75,283438,TATASTEEL
2022-11-30,EQ,106.1,107.95,105.9,106.1,107.55,107.65,107.35,1386.7,95.0,61142050,6563796708.15,135519,TATASTEEL
2022-11-29,EQ,105.0,107.65,104.95,104.9,106.05,106.1,106.54,1386.7,95.0,40661568,4332103822.55,126137,TATASTEEL
2022-11-28,EQ,106.0,106.4,104.5,106.2,104.9,104.9,105.01,1386.7,95.0,33516118,3519507321.2,131701,TATASTEEL
2022-11-25,EQ,105.6,106.5,105.1,105.5,106.4,106.2,105.96,1386.7,95.0,27361785,2899278217.3,108745,TATASTEEL
2022-11-24,EQ,105.85,105.95,104.6,105.45,105.45,105.5,105.32,1386.7,95.0,23737867,2500041736.8,126322,TATASTEEL
2022-11-23,EQ,105.7,106.0,104.95,105.2,105.4,105.45,105.46,1386.7,95.0,22809651,2405544449.55,115335,TATASTEEL
2022-11-22,EQ,104.4,105.4,103.55,104.25,105.35,105.2,104.47,1386.7,95.0,27846186,2909218047.9,104893,TATASTEEL
2022-11-21,EQ,107.7,107.7,103.85,105.5,104.1,104.25,105.39,1386.7,95.0,58404309,6155232063.4,174056,TATASTEEL
2022-11-18,EQ,105.85,106.3,104.7,105.85,105.6,105.5,105.44,1386.7,95.0,28992538,3057045391.4,104183,TATASTEEL
2022-11-17,EQ,105.9,106.8,104.5,106.55,105.85,105.85,105.44,1386.7,95.0,32894825,3468387429.4,142955,TATASTEEL
2022-11-16,EQ,108.45,108.8,105.2,108.55,106.4,106.55,106.96,1386.7,95.0,40404167,4321518992.7,159611,TATASTEEL
2022-11-15,EQ,109.0,109.35,107.2,108.7,108.5,108.55,108.04,1386.7,95.0,35007427,3782360832.2,123984,TATASTEEL
2022-11-14,EQ,108.5,110.0,108.25,107.55,108.7,108.7,109.11,1386.7,95.0,55474425,6052718955.6,201128,TATASTEEL
2022-11-11,EQ,106.25,108.2,106.25,104.7,107.6,107.55,107.45,1386.7,95.0,77933417,8374174601.75,216946,TATASTEEL
2022-11-10,EQ,105.2,106.0,104.45,106.1,104.85,104.7,105.18,1386.7,95.0,27864285,2930887692.25,97383,TATASTEEL
2022-11-09,EQ,107.25,107.55,105.55,106.7,105.9,106.1,106.32,1386.7,95.0,38295904,4071757227.05,166229,TATASTEEL
2022-11-07,EQ,105.9,107.45,104.6,104.75,106.65,106.7,106.48,1386.7,95.0,74426059,7925231204.7,267008,TATASTEEL
2022-11-04,EQ,102.5,105.0,102.2,102.0,104.85,104.75,103.7,1386.7,95.0,70299020,7289721600.05,206087,TATASTEEL
2022-11-03,EQ,100.75,102.45,100.0,101.25,101.95,102.0,101.64,1386.7,95.0,39110676,3975105986.05,116765,TATASTEEL
2022-11-02,EQ,101.0,103.0,100.8,101.2,101.15,101.25,101.83,1386.7,95.0,42336049,4310879559.9,148289,TATASTEEL
2022-11-01,EQ,98.55,101.45,98.55,101.55,101.2,101.2,100.26,1386.7,95.0,69031178,6920926318.5,211594,TATASTEEL
2022-10-31,EQ,101.9,102.15,100.3,101.6,101.1,101.55,101.24,1386.7,95.0,38715841,3919494016.6,145456,TATASTEEL
2022-10-28,EQ,104.1,104.6,100.8,104.2,101.65,101.6,101.92,1386.7,95.0,51006232,5198345634.55,162471,TATASTEEL
2022-10-27,EQ,102.25,104.65,102.05,101.2,104.2,104.2,103.87,1386.7,95.0,74349009,7722338849.35,225376,TATASTEEL
2022-10-25,EQ,101.15,102.5,100.7,101.2,101.1,101.2,101.49,1386.7,95.0,37163180,3771578858.15,129443,TATASTEEL
2022-10-24,EQ,102.0,102.1,101.0,100.2,101.2,101.2,101.31,1386.7,95.0,7480281,757857437.65,110758,TATASTEEL
2022-10-21,EQ,100.85,101.45,99.35,100.9,100.2,100.2,100.26,1426.55,95.0,30973997,3105517885.0,102319,TATASTEEL
2022-10-20,EQ,99.5,101.2,98.8,100.05,101.1,100.9,100.04,1426.55,95.0,38091315,3810489028.1,153737,TATASTEEL
2022-10-19,EQ,100.6,101.25,99.7,100.65,100.05,100.05,100.5,1426.55,95.0,38764542,3895723116.05,140168,TATASTEEL
2022-10-18,EQ,100.3,101.0,99.8,99.55,100.7,100.65,100.53,1426.55,95.0,30722156,3088365889.65,105023,TATASTEEL
2022-10-17,EQ,99.75,100.4,98.1,100.1,99.7,99.55,99.46,1426.55,95.0,37568783,3736649675.55,149473,TATASTEEL
2022-10-14,EQ,101.85,102.8,99.9,100.1,100.2,100.1,101.24,1426.55,95.0,32456805,3285919912.45,133251,TATASTEEL
2022-10-13,EQ,101.1,101.8,98.8,100.55,100.2,100.1,100.03,1426.55,95.0,34668093,3467784413.05,153438,TATASTEEL
2022-10-12,EQ,100.35,101.2,99.0,100.35,100.65,100.55,100.23,1426.55,95.0,41357469,4145079977.55,169332,TATASTEEL
2022-10-11,EQ,103.55,103.65,99.8,103.2,100.0,100.35,101.55,1426.55,95.0,41083734,4171955283.9,171088,TATASTEEL
2022-10-10,EQ,102.0,103.5,101.15,103.3,103.15,103.2,102.44,1426.55,95.0,36641275,3753418355.6,153885,TATASTEEL
2022-10-07,EQ,103.3,103.5,101.9,103.55,103.2,103.3,102.58,1426.55,95.0,36080875,3701016169.55,153167,TATASTEEL
2022-10-06,EQ,102.0,103.8,101.75,101.15,103.35,103.55,103.14,1426.55,95.0,48169310,4968384709.85,203945,TATASTEEL
2022-10-04,EQ,100.3,101.5,100.0,98.35,101.4,101.15,100.8,1426.55,95.0,40186702,4050787705.9,199183,TATASTEEL
2022-10-03,EQ,99.6,99.65,98.0,99.3,98.3,98.35,98.53,1426.55,95.0,37282313,3673372459.55,180577,TATASTEEL
2022-09-30,EQ,96.85,100.4,95.7,96.85,99.6,99.3,98.18,1426.55,95.0,66436616,6522717206.05,231910,TATASTEEL
2022-09-29,EQ,97.0,98.25,96.4,95.2,96.95,96.85,97.21,1426.55,95.0,60884592,5918516554.85,236749,TATASTEEL
2022-09-28,EQ,96.55,97.85,95.0,97.65,95.2,95.2,96.49,1426.55,95.0,71724106,6920843177.9,347116,TATASTEEL
2022-09-27,EQ,101.35,101.35,96.5,99.85,97.95,97.65,97.97,1426.55,96.5,104949032,10281458412.55,418818,TATASTEEL
2022-09-26,EQ,104.4,104.45,98.5,104.3,99.9,99.85,100.13,1426.55,97.15,101291962,10142672607.35,552989,TATASTEEL
2022-09-23,EQ,106.2,107.9,103.75,103.6,104.4,104.3,105.16,1426.55,97.15,109765520,11542851207.85,352158,TATASTEEL
2022-09-22,EQ,104.45,105.3,103.5,104.45,103.75,103.6,104.11,1426.55,97.15,61380323,6390476684.45,183741,TATASTEEL
2022-09-21,EQ,105.8,107.2,104.3,105.8,104.45,104.45,105.64,1426.55,97.15,46142823,4874375519.4,170849,TATASTEEL
2022-09-20,EQ,104.2,106.35,104.0,103.1,106.05,105.8,105.45,1426.55,97.15,52140254,5498177496.75,179678,TATASTEEL
2022-09-19,EQ,106.2,106.2,103.0,105.7,103.2,103.1,104.19,1426.55,97.15,51146568,5329092149.05,291377,TATASTEEL
2022-09-16,EQ,106.2,107.5,105.0,107.0,105.6,105.7,105.95,1476.0,97.15,107967267,11438611861.2,288544,TATASTEEL
2022-09-15,EQ,108.65,109.0,106.5,109.15,107.1,107.0,107.47,1476.0,97.15,62926791,6762926980.0,229883,TATASTEEL
2022-09-14,EQ,106.3,110.4,105.8,107.75,108.9,109.15,108.45,1476.0,97.15,86379872,9367682710.85,258040,TATASTEEL
2022-09-13,EQ,108.0,108.7,107.55,107.75,107.85,107.75,107.97,1476.0,97.15,44179394,4770125367.9,167267,TATASTEEL
2022-09-12,EQ,106.8,107.95,106.5,105.7,107.65,107.75,107.27,1476.0,97.15,40838533,4380870294.6,157265,TATASTEEL
2022-09-09,EQ,107.0,107.35,105.5,105.85,105.85,105.7,106.31,1476.0,97.15,63647166,6766144287.45,259668,TATASTEEL
2022-09-08,EQ,108.4,108.4,105.35,107.6,105.95,105.85,106.3,1476.0,97.15,71228405,7571819644.9,272918,TATASTEEL
2022-09-07,EQ,107.55,108.9,107.1,108.6,107.6,107.6,107.71,1476.0,97.15,43945660,4733600727.6,173170,TATASTEEL
2022-09-06,EQ,107.4,108.8,106.05,106.9,108.5,108.6,107.47,1476.0,97.15,59505849,6395325841.4,188792,TATASTEEL
2022-09-05,EQ,106.05,107.3,105.8,105.5,106.8,106.9,106.8,1476.0,97.15,40352735,4309547186.7,151617,TATASTEEL
2022-09-02,EQ,107.0,107.0,105.0,106.4,105.6,105.5,105.79,1476.0,97.15,45601352,4824328207.9,199259,TATASTEEL
2022-09-01,EQ,107.0,107.75,105.9,108.3,106.6,106.4,106.64,1476.0,97.15,52454732,5593727756.85,216010,TATASTEEL
2022-08-30,EQ,106.5,108.5,106.05,104.85,108.45,108.3,107.44,1476.0,97.15,67401780,7241568190.85,194644,TATASTEEL
2022-08-29,EQ,104.05,105.65,103.25,107.35,105.05,104.85,104.73,1476.0,97.15,59895805,6272782501.15,301406,TATASTEEL
2022-08-26,EQ,107.25,109.2,107.1,106.25,107.5,107.35,108.14,1476.0,97.15,71257092,7705922708.05,215991,TATASTEEL
2022-08-25,EQ,107.05,107.9,105.75,106.55,106.5,106.25,106.98,1476.0,97.15,42186335,4513082704.7,172570,TATASTEEL
2022-08-24,EQ,107.55,108.15,105.75,107.6,106.3,106.55,106.69,1476.0,97.15,55686404,5941287674.1,247974,TATASTEEL
2022-08-23,EQ,104.2,108.25,103.5,105.05,107.9,107.6,106.67,1476.0,97.15,70531639,7523872406.95,262215,TATASTEEL
2022-08-22,EQ,109.5,109.6,104.7,110.05,105.2,105.05,106.79,1476.0,97.15,74037526,7906795316.15,402941,TATASTEEL
2022-08-19,EQ,112.55,112.9,109.55,112.55,109.75,110.05,111.08,1534.5,97.15,57134813,6346785640.6,227022,TATASTEEL
2022-08-18,EQ,112.5,113.0,111.4,112.5,112.7,112.55,112.33,1534.5,97.15,49396425,5548515767.75,179401,TATASTEEL
2022-08-17,EQ,113.5,113.5,112.25,113.0,112.4,112.5,112.85,1534.5,97.15,54008422,6094999817.65,207669,TATASTEEL
2022-08-16,EQ,113.7,113.7,111.1,112.65,113.0,113.0,112.55,1534.5,97.15,69207437,7789100716.7,238391,TATASTEEL
2022-08-12,EQ,109.35,112.9,108.8,109.1,112.8,112.65,111.88,1534.5,97.15,95942333,10733610778.1,307921,TATASTEEL
2022-08-11,EQ,110.3,110.65,108.6,109.2,109.0,109.1,109.49,1534.5,97.15,75321498,8247181079.65,215699,TATASTEEL
2022-08-10,EQ,107.9,109.9,106.5,107.2,109.2,109.2,108.23,1534.5,97.15,73880698,7996457230.3,241058,TATASTEEL
2022-08-08,EQ,107.85,108.15,106.7,107.35,107.25,107.2,107.35,1534.5,97.15,41384943,4442543901.95,162485,TATASTEEL
2022-08-05,EQ,107.65,109.25,107.1,107.7,107.3,107.35,108.04,1534.5,97.15,54469112,5885013963.0,179580,TATASTEEL
2022-08-04,EQ,107.5,109.5,106.05,107.05,107.6,107.7,107.86,1534.5,97.15,79526154,8577818116.05,275745,TATASTEEL
2022-08-03,EQ,107.0,108.45,106.0,107.0,107.1,107.05,106.93,1534.5,97.15,61428846,6568325454.7,235976,TATASTEEL
2022-08-02,EQ,108.0,108.0,105.35,108.25,106.9,107.0,106.84,1534.5,97.15,64935371,6937671692.0,279505,TATASTEEL
2022-08-01,EQ,110.5,111.45,106.15,107.6,108.25,108.25,108.42,1534.5,97.15,125365761,13592194355.85,468883,TATASTEEL
2022-07-29,EQ,103.0,109.3,102.15,100.35,107.8,107.6,106.71,1534.5,97.15,166959934,17816038805.05,618198,TATASTEEL
2022-07-28,EQ,98.1,102.0,97.15,959.4,100.2,100.35,99.48,1534.5,97.15,137156107,13644336927.1,628262,TATASTEEL
2022-07-27,EQ,951.0,961.55,943.6,949.5,960.4,959.4,953.43,1534.5,827.0,5255902,5011119637.7,144783,TATASTEEL
2022-07-26,EQ,972.0,976.7,946.05,960.7,947.95,949.5,959.86,1534.5,827.0,12626469,12119595065.95,228226,TATASTEEL
2022-07-25,EQ,935.0,964.85,933.6,936.05,964.7,960.7,955.02,1534.5,827.0,9963563,9515399224.15,205117,TATASTEEL
2022-07-22,EQ,942.5,944.0,932.0,934.3,935.9,936.05,938.09,1534.5,827.0,4860894,4559941726.45,110550,TATASTEEL
2022-07-21,EQ,930.0,938.85,924.5,928.45,936.0,934.3,933.79,1534.5,827.0,5087714,4750878150.95,109848,TATASTEEL
2022-07-20,EQ,935.95,938.0,925.2,919.45,926.5,928.45,931.58,1534.5,827.0,7708865,7181425855.2,169795,TATASTEEL
2022-07-19,EQ,901.0,921.9,901.0,904.3,920.0,919.45,916.94,1534.5,827.0,8534158,7825312413.05,158735,TATASTEEL
2022-07-18,EQ,897.0,908.0,892.25,883.8,904.0,904.3,900.76,1534.5,827.0,7306081,6581015540.8,142942,TATASTEEL
2022-07-15,EQ,905.0,910.3,877.5,908.0,884.05,883.8,891.31,1534.5,827.0,8125351,7242237144.35,168508,TATASTEEL
2022-07-14,EQ,910.0,911.0,895.0,904.85,908.0,908.0,903.26,1534.5,827.0,7449858,6729154713.35,126538,TATASTEEL
2022-07-13,EQ,905.95,914.2,900.65,902.1,903.7,904.85,906.95,1534.5,827.0,7013511,6360873098.65,128092,TATASTEEL
2022-07-12,EQ,904.9,915.95,893.6,912.75,902.0,902.1,902.2,1534.5,827.0,10017505,9037768425.8,179371,TATASTEEL
2022-07-11,EQ,885.2,929.0,875.05,885.9,912.9,912.75,907.93,1534.5,827.0,15019334,13636472253.1,247195,TATASTEEL
2022-07-08,EQ,917.9,917.9,880.5,900.0,885.25,885.9,889.86,1534.5,827.0,11200063,9966519524.5,192857,TATASTEEL
2022-07-07,EQ,867.0,906.55,858.5,858.15,906.5,900.0,881.13,1534.5,827.0,11100794,9781286467.0,191485,TATASTEEL
2022-07-06,EQ,858.45,861.1,838.05,860.15,859.0,858.15,847.67,1534.5,827.0,8143971,6903395020.7,180324,TATASTEEL
2022-07-05,EQ,862.0,879.2,857.8,854.55,859.95,860.15,868.56,1534.5,827.0,7905829,6866701254.25,165787,TATASTEEL
2022-07-04,EQ,868.5,871.2,843.3,872.85,854.9,854.55,851.17,1534.5,827.0,7755441,6601228052.0,178798,TATASTEEL
2022-07-01,EQ,866.95,875.0,859.1,867.05,871.2,872.85,866.84,1534.5,827.0,5476189,4747001323.25,123156,TATASTEEL
2022-06-30,EQ,881.5,894.5,863.3,881.6,864.5,867.05,877.46,1534.5,827.0,8467209,7429607359.1,211151,TATASTEEL
2022-06-29,EQ,870.0,888.8,868.5,878.9,879.0,881.6,881.03,1534.5,827.0,7231847,6371473361.5,167663,TATASTEEL
2022-06-28,EQ,866.0,884.4,860.4,867.85,880.0,878.9,873.85,1534.5,827.0,8464733,7396932361.3,169907,TATASTEEL
2022-06-27,EQ,870.5,878.85,863.05,852.85,867.0,867.85,870.4,1534.5,827.0,7281473,6337792524.0,153032,TATASTEEL
2022-06-24,EQ,850.0,864.75,844.65,841.3,851.8,852.85,853.23,1534.5,827.0,8543381,7289500677.75,180026,TATASTEEL
2022-06-23,EQ,840.0,855.95,827.0,838.1,840.75,841.3,841.5,1534.5,827.0,11151584,9384044004.3,241728,TATASTEEL
2022-06-22,EQ,872.95,873.85,835.7,884.8,836.8,838.1,849.47,1534.5,835.7,10987739,9333787063.8,282263,TATASTEEL
2022-06-21,EQ,875.0,895.5,864.0,861.4,882.55,884.8,876.6,1534.5,842.65,12452697,10916019464.45,223878,TATASTEEL
2022-06-20,EQ,905.0,905.0,842.65,906.7,865.0,861.4,861.47,1534.5,842.65,13986689,12049109008.45,296336,TATASTEEL
2022-06-17,EQ,898.0,927.4,895.5,901.7,907.0,906.7,912.33,1534.5,895.5,12129026,11065731966.85,269485,TATASTEEL
2022-06-16,EQ,975.0,975.0,898.2,959.55,898.65,901.7,931.04,1534.5,898.2,12274105,11427723603.3,337857,TATASTEEL
2022-06-15,EQ,953.95,974.25,950.65,996.15,960.5,959.55,961.7,1534.5,950.65,9244333,8890289549.6,224117,TATASTEEL
2022-06-14,EQ,988.25,1013.7,985.55,991.95,997.05,996.15,1001.17,1534.5,985.55,7720260,7729330686.7,173596,TATASTEEL
2022-06-13,EQ,1004.3,1012.0,990.0,1023.7,995.0,991.95,998.95,1534.5,990.0,8223575,8214919302.2,264924,TATASTEEL
2022-06-10,EQ,1030.0,1031.4,1010.65,1044.85,1023.0,1023.7,1020.74,1534.5,991.8,9522563,9720036515.1,235426,TATASTEEL
2022-06-09,EQ,1074.95,1087.25,1041.2,1086.75,1041.35,1044.85,1055.38,1534.5,991.8,9854781,10400542210.2,247940,TATASTEEL
2022-06-08,EQ,1081.0,1088.9,1074.05,1068.5,1086.25,1086.75,1083.69,1534.5,991.8,6473434,7015173441.45,183637,TATASTEEL
2022-06-07,EQ,1067.0,1081.5,1063.55,1078.1,1069.0,1068.5,1069.34,1534.5,991.8,4334157,4634674457.15,89594,TATASTEEL
2022-06-06,EQ,1065.0,1082.9,1049.2,1067.3,1079.0,1078.1,1070.79,1534.5,991.8,5726249,6131623842.3,157272,TATASTEEL
2022-06-03,EQ,1092.0,1092.8,1065.0,1081.55,1067.0,1067.3,1075.73,1534.5,991.8,5395486,5804071537.4,134583,TATASTEEL
2022-06-02,EQ,1067.75,1084.75,1059.1,1063.55,1081.0,1081.55,1071.47,1534.5,991.8,7917704,8483566200.8,176345,TATASTEEL
2022-06-01,EQ,1065.5,1079.0,1053.3,1055.65,1061.0,1063.55,1065.59,1534.5,991.8,9405529,10022443775.45,196673,TATASTEEL
2022-05-31,EQ,1045.0,1071.9,1037.0,1047.45,1055.75,1055.65,1059.42,1534.5,991.8,12124885,12845390666.15,218150,TATASTEEL
2022-05-30,EQ,1059.0,1063.8,1043.5,1043.5,1047.0,1047.45,1052.09,1534.5,991.8,7270159,7648867514.95,174459,TATASTEEL
